"LOCATION","INDICATOR","SUBJECT","MEASURE","FREQUENCY","TIME","Value","Flag Codes"
"AUS","GGNLEND","TOT","PC_GDP","A","1970",-1.53048568735427,
"AUS","GGNLEND","TOT","PC_GDP","A","1971",-1.49716752090639,
"AUS","GGNLEND","TOT","PC_GDP","A","1972",-1.96393752387079,
"AUS","GGNLEND","TOT","PC_GDP","A","1973",-0.82791345898593,
"AUS","GGNLEND","TOT","PC_GDP","A","1974",-3.45002037690243,
"AUS","GGNLEND","TOT","PC_GDP","A","1975",-4.30112694331643,
"AUS","GGNLEND","TOT","PC_GDP","A","1976",-4.17698857130962,
"AUS","GGNLEND","TOT","PC_GDP","A","1977",-5.07629695288747,
"AUS","GGNLEND","TOT","PC_GDP","A","1978",-4.76612107566597,
"AUS","GGNLEND","TOT","PC_GDP","A","1979",-3.15568648455633,
"AUS","GGNLEND","TOT","PC_GDP","A","1980",-3.33044129826084,
"AUS","GGNLEND","TOT","PC_GDP","A","1981",-3.72920154429601,
"AUS","GGNLEND","TOT","PC_GDP","A","1982",-5.69791231622409,
"AUS","GGNLEND","TOT","PC_GDP","A","1983",-6.08450730628275,
"AUS","GGNLEND","TOT","PC_GDP","A","1984",-5.79215484332242,
"AUS","GGNLEND","TOT","PC_GDP","A","1985",-5.20250537964955,
"AUS","GGNLEND","TOT","PC_GDP","A","1986",-3.52560288404326,
"AUS","GGNLEND","TOT","PC_GDP","A","1987",-1.78703197700447,
"AUS","GGNLEND","TOT","PC_GDP","A","1988",-1.0363610639502,
"AUS","GGNLEND","TOT","PC_GDP","A","1989",-2.08958549992572,
"AUS","GGNLEND","TOT","PC_GDP","A","1990",-3.31664595823733,
"AUS","GGNLEND","TOT","PC_GDP","A","1991",-5.80143781350087,
"AUS","GGNLEND","TOT","PC_GDP","A","1992",-6.18069134432574,
"AUS","GGNLEND","TOT","PC_GDP","A","1993",-4.42180522157334,
"AUS","GGNLEND","TOT","PC_GDP","A","1994",-4.15252129640676,
"AUS","GGNLEND","TOT","PC_GDP","A","1995",-2.90504720441093,
"AUS","GGNLEND","TOT","PC_GDP","A","1996",-1.12877752385686,
"AUS","GGNLEND","TOT","PC_GDP","A","1997",0.17344077592642,
"AUS","GGNLEND","TOT","PC_GDP","A","1998",0.724351397504761,
"AUS","GGNLEND","TOT","PC_GDP","A","1999",2.00148527056275,
"AUS","GGNLEND","TOT","PC_GDP","A","2000",-1.23406886731171,
"AUS","GGNLEND","TOT","PC_GDP","A","2001",-0.757968480072337,
"AUS","GGNLEND","TOT","PC_GDP","A","2002",0.712769676388334,
"AUS","GGNLEND","TOT","PC_GDP","A","2003",0.810532391680284,
"AUS","GGNLEND","TOT","PC_GDP","A","2004",0.942353998553727,
"AUS","GGNLEND","TOT","PC_GDP","A","2005",1.66373955019419,
"AUS","GGNLEND","TOT","PC_GDP","A","2006",1.65526558702292,
"AUS","GGNLEND","TOT","PC_GDP","A","2007",0.720199301290311,
"AUS","GGNLEND","TOT","PC_GDP","A","2008",-3.74536263683941,
"AUS","GGNLEND","TOT","PC_GDP","A","2009",-5.55943655563932,
"AUS","GGNLEND","TOT","PC_GDP","A","2010",-4.46152890467605,
"AUS","GGNLEND","TOT","PC_GDP","A","2011",-4.61526765004422,
"AUS","GGNLEND","TOT","PC_GDP","A","2012",-2.88633717089097,
"AUS","GGNLEND","TOT","PC_GDP","A","2013",-2.84467604611737,
"AUS","GGNLEND","TOT","PC_GDP","A","2014",-2.31718434249394,
"AUS","GGNLEND","TOT","PC_GDP","A","2015",-2.32050792610889,
"AUS","GGNLEND","TOT","PC_GDP","A","2016",-1.65300041818664,
"AUS","GGNLEND","TOT","PC_GDP","A","2017",-1.23788245986065,
"AUS","GGNLEND","TOT","PC_GDP","A","2018",-0.552164205092488,
"AUS","GGNLEND","TOT","PC_GDP","A","2019",-6.5819733479464,
"AUT","GGNLEND","TOT","PC_GDP","A","1995",-6.13397127832002,
"AUT","GGNLEND","TOT","PC_GDP","A","1996",-4.50361584758439,
"AUT","GGNLEND","TOT","PC_GDP","A","1997",-2.57579119873407,
"AUT","GGNLEND","TOT","PC_GDP","A","1998",-2.69622684089122,
"AUT","GGNLEND","TOT","PC_GDP","A","1999",-2.59588665384224,
"AUT","GGNLEND","TOT","PC_GDP","A","2000",-2.40470232925518,
"AUT","GGNLEND","TOT","PC_GDP","A","2001",-0.661575545058186,
"AUT","GGNLEND","TOT","PC_GDP","A","2002",-1.38117492289023,
"AUT","GGNLEND","TOT","PC_GDP","A","2003",-1.78642545239967,
"AUT","GGNLEND","TOT","PC_GDP","A","2004",-4.80498601475414,
"AUT","GGNLEND","TOT","PC_GDP","A","2005",-2.50834960050974,
"AUT","GGNLEND","TOT","PC_GDP","A","2006",-2.53544812656201,
"AUT","GGNLEND","TOT","PC_GDP","A","2007",-1.3546226842878,
"AUT","GGNLEND","TOT","PC_GDP","A","2008",-1.49526533239112,
"AUT","GGNLEND","TOT","PC_GDP","A","2009",-5.32970620254501,
"AUT","GGNLEND","TOT","PC_GDP","A","2010",-4.4412670586594,
"AUT","GGNLEND","TOT","PC_GDP","A","2011",-2.55356599419093,
"AUT","GGNLEND","TOT","PC_GDP","A","2012",-2.1890705954037,
"AUT","GGNLEND","TOT","PC_GDP","A","2013",-1.95007752148589,
"AUT","GGNLEND","TOT","PC_GDP","A","2014",-2.72914820817187,
"AUT","GGNLEND","TOT","PC_GDP","A","2015",-1.00998860688189,
"AUT","GGNLEND","TOT","PC_GDP","A","2016",-1.53459116331167,
"AUT","GGNLEND","TOT","PC_GDP","A","2017",-0.816163891356194,
"AUT","GGNLEND","TOT","PC_GDP","A","2018",0.170107635708347,
"AUT","GGNLEND","TOT","PC_GDP","A","2019",0.609811555688271,
"AUT","GGNLEND","TOT","PC_GDP","A","2020",-8.81097977933576,
"BEL","GGNLEND","TOT","PC_GDP","A","1995",-4.50835696480245,
"BEL","GGNLEND","TOT","PC_GDP","A","1996",-4.00252745032249,
"BEL","GGNLEND","TOT","PC_GDP","A","1997",-2.15125735436845,
"BEL","GGNLEND","TOT","PC_GDP","A","1998",-1.02487363717728,
"BEL","GGNLEND","TOT","PC_GDP","A","1999",-0.648349453339474,
"BEL","GGNLEND","TOT","PC_GDP","A","2000",-0.079297470437997,
"BEL","GGNLEND","TOT","PC_GDP","A","2001",0.232848556887494,
"BEL","GGNLEND","TOT","PC_GDP","A","2002",-0.043695305389563,
"BEL","GGNLEND","TOT","PC_GDP","A","2003",-1.8641523014564,
"BEL","GGNLEND","TOT","PC_GDP","A","2004",-0.238697094566163,
"BEL","GGNLEND","TOT","PC_GDP","A","2005",-2.71499327823464,
"BEL","GGNLEND","TOT","PC_GDP","A","2006",0.239580626261912,
"BEL","GGNLEND","TOT","PC_GDP","A","2007",0.066439884418465,
"BEL","GGNLEND","TOT","PC_GDP","A","2008",-1.09534486959375,
"BEL","GGNLEND","TOT","PC_GDP","A","2009",-5.4309890992886,
"BEL","GGNLEND","TOT","PC_GDP","A","2010",-4.08770609470009,
"BEL","GGNLEND","TOT","PC_GDP","A","2011",-4.33007826734098,
"BEL","GGNLEND","TOT","PC_GDP","A","2012",-4.31838232799818,
"BEL","GGNLEND","TOT","PC_GDP","A","2013",-3.12937792710242,
"BEL","GGNLEND","TOT","PC_GDP","A","2014",-3.0556821743147,
"BEL","GGNLEND","TOT","PC_GDP","A","2015",-2.41367079640241,
"BEL","GGNLEND","TOT","PC_GDP","A","2016",-2.36311261975241,
"BEL","GGNLEND","TOT","PC_GDP","A","2017",-0.683338797137671,
"BEL","GGNLEND","TOT","PC_GDP","A","2018",-0.821947385375375,
"BEL","GGNLEND","TOT","PC_GDP","A","2019",-1.90601910049804,
"BEL","GGNLEND","TOT","PC_GDP","A","2020",-9.37949172486446,"E"
"CAN","GGNLEND","TOT","PC_GDP","A","1981",-2.89229499562925,
"CAN","GGNLEND","TOT","PC_GDP","A","1982",-6.89832835713237,
"CAN","GGNLEND","TOT","PC_GDP","A","1983",-7.99803472927684,
"CAN","GGNLEND","TOT","PC_GDP","A","1984",-7.94006744793132,
"CAN","GGNLEND","TOT","PC_GDP","A","1985",-8.75732710433637,
"CAN","GGNLEND","TOT","PC_GDP","A","1986",-7.32164897556159,
"CAN","GGNLEND","TOT","PC_GDP","A","1987",-5.74576554490751,
"CAN","GGNLEND","TOT","PC_GDP","A","1988",-4.51096995664339,
"CAN","GGNLEND","TOT","PC_GDP","A","1989",-4.71828332928814,
"CAN","GGNLEND","TOT","PC_GDP","A","1990",-5.91142212592074,
"CAN","GGNLEND","TOT","PC_GDP","A","1991",-8.35939826696097,
"CAN","GGNLEND","TOT","PC_GDP","A","1992",-9.19914926312156,
"CAN","GGNLEND","TOT","PC_GDP","A","1993",-8.93476494470823,
"CAN","GGNLEND","TOT","PC_GDP","A","1994",-6.9359775345593,
"CAN","GGNLEND","TOT","PC_GDP","A","1995",-5.48964011250317,
"CAN","GGNLEND","TOT","PC_GDP","A","1996",-3.05256596040631,
"CAN","GGNLEND","TOT","PC_GDP","A","1997",0.038702165336532,
"CAN","GGNLEND","TOT","PC_GDP","A","1998",0.142682776423957,
"CAN","GGNLEND","TOT","PC_GDP","A","1999",1.65557624708932,
"CAN","GGNLEND","TOT","PC_GDP","A","2000",2.63970396113812,
"CAN","GGNLEND","TOT","PC_GDP","A","2001",0.529468967089921,
"CAN","GGNLEND","TOT","PC_GDP","A","2002",-0.233895789038062,
"CAN","GGNLEND","TOT","PC_GDP","A","2003",-0.126957864812588,
"CAN","GGNLEND","TOT","PC_GDP","A","2004",0.767669538252837,
"CAN","GGNLEND","TOT","PC_GDP","A","2005",1.55312009791853,
"CAN","GGNLEND","TOT","PC_GDP","A","2006",1.82760436294437,
"CAN","GGNLEND","TOT","PC_GDP","A","2007",1.81965580691923,
"CAN","GGNLEND","TOT","PC_GDP","A","2008",0.184485477426328,
"CAN","GGNLEND","TOT","PC_GDP","A","2009",-3.88135176862462,
"CAN","GGNLEND","TOT","PC_GDP","A","2010",-4.73755858174554,
"CAN","GGNLEND","TOT","PC_GDP","A","2011",-3.30873255346625,
"CAN","GGNLEND","TOT","PC_GDP","A","2012",-2.52451700716013,
"CAN","GGNLEND","TOT","PC_GDP","A","2013",-1.49475856710511,
"CAN","GGNLEND","TOT","PC_GDP","A","2014",0.174896160104426,
"CAN","GGNLEND","TOT","PC_GDP","A","2015",-0.061845591002195,
"CAN","GGNLEND","TOT","PC_GDP","A","2016",-0.453312334765877,
"CAN","GGNLEND","TOT","PC_GDP","A","2017",-0.112162665295115,
"CAN","GGNLEND","TOT","PC_GDP","A","2018",0.275954119098158,
"CAN","GGNLEND","TOT","PC_GDP","A","2019",0.539054629049401,
"CAN","GGNLEND","TOT","PC_GDP","A","2020",-10.6589626310431,
"CZE","GGNLEND","TOT","PC_GDP","A","1995",-12.3712496225661,
"CZE","GGNLEND","TOT","PC_GDP","A","1996",-3.00488450216072,
"CZE","GGNLEND","TOT","PC_GDP","A","1997",-3.17489792108062,
"CZE","GGNLEND","TOT","PC_GDP","A","1998",-4.17305010052749,
"CZE","GGNLEND","TOT","PC_GDP","A","1999",-3.12816386097898,
"CZE","GGNLEND","TOT","PC_GDP","A","2000",-3.57563564178522,
"CZE","GGNLEND","TOT","PC_GDP","A","2001",-5.75954800192003,
"CZE","GGNLEND","TOT","PC_GDP","A","2002",-6.3513616962135,
"CZE","GGNLEND","TOT","PC_GDP","A","2003",-6.85802344080934,
"CZE","GGNLEND","TOT","PC_GDP","A","2004",-2.36953865069805,
"CZE","GGNLEND","TOT","PC_GDP","A","2005",-3.02656956824642,
"CZE","GGNLEND","TOT","PC_GDP","A","2006",-2.15014326452803,
"CZE","GGNLEND","TOT","PC_GDP","A","2007",-0.644844855582269,
"CZE","GGNLEND","TOT","PC_GDP","A","2008",-1.96420355886674,
"CZE","GGNLEND","TOT","PC_GDP","A","2009",-5.41134758947177,
"CZE","GGNLEND","TOT","PC_GDP","A","2010",-4.15200094167854,
"CZE","GGNLEND","TOT","PC_GDP","A","2011",-2.70035149839144,
"CZE","GGNLEND","TOT","PC_GDP","A","2012",-3.8971002555203,
"CZE","GGNLEND","TOT","PC_GDP","A","2013",-1.28388671363478,
"CZE","GGNLEND","TOT","PC_GDP","A","2014",-2.07549140933957,
"CZE","GGNLEND","TOT","PC_GDP","A","2015",-0.64381765122764,
"CZE","GGNLEND","TOT","PC_GDP","A","2016",0.711776192532093,
"CZE","GGNLEND","TOT","PC_GDP","A","2017",1.50140595995533,
"CZE","GGNLEND","TOT","PC_GDP","A","2018",0.912958565826165,
"CZE","GGNLEND","TOT","PC_GDP","A","2019",0.310655866741001,
"CZE","GGNLEND","TOT","PC_GDP","A","2020",-6.15580883238822,
"DNK","GGNLEND","TOT","PC_GDP","A","1995",-3.62003199102571,
"DNK","GGNLEND","TOT","PC_GDP","A","1996",-2.48257462799153,
"DNK","GGNLEND","TOT","PC_GDP","A","1997",-1.20021352911995,
"DNK","GGNLEND","TOT","PC_GDP","A","1998",-0.388536959676941,
"DNK","GGNLEND","TOT","PC_GDP","A","1999",0.868853784849396,
"DNK","GGNLEND","TOT","PC_GDP","A","2000",1.887315011175,
"DNK","GGNLEND","TOT","PC_GDP","A","2001",1.14055420849418,
"DNK","GGNLEND","TOT","PC_GDP","A","2002",-0.015387113245999,
"DNK","GGNLEND","TOT","PC_GDP","A","2003",-0.133147614335798,
"DNK","GGNLEND","TOT","PC_GDP","A","2004",2.0731728722497,
"DNK","GGNLEND","TOT","PC_GDP","A","2005",4.95503054106776,
"DNK","GGNLEND","TOT","PC_GDP","A","2006",4.98710007232549,
"DNK","GGNLEND","TOT","PC_GDP","A","2007",5.02045812820832,
"DNK","GGNLEND","TOT","PC_GDP","A","2008",3.17390813019585,
"DNK","GGNLEND","TOT","PC_GDP","A","2009",-2.79814242201751,
"DNK","GGNLEND","TOT","PC_GDP","A","2010",-2.71027147514494,
"DNK","GGNLEND","TOT","PC_GDP","A","2011",-2.05576661478475,
"DNK","GGNLEND","TOT","PC_GDP","A","2012",-3.49044439711785,
"DNK","GGNLEND","TOT","PC_GDP","A","2013",-1.2356471875801,
"DNK","GGNLEND","TOT","PC_GDP","A","2014",1.14442765256798,
"DNK","GGNLEND","TOT","PC_GDP","A","2015",-1.32962984181145,
"DNK","GGNLEND","TOT","PC_GDP","A","2016",-0.105986872094072,
"DNK","GGNLEND","TOT","PC_GDP","A","2017",1.78626148968858,
"DNK","GGNLEND","TOT","PC_GDP","A","2018",0.691173692510706,
"DNK","GGNLEND","TOT","PC_GDP","A","2019",3.7807246139279,
"DNK","GGNLEND","TOT","PC_GDP","A","2020",-1.14736703187417,
"FIN","GGNLEND","TOT","PC_GDP","A","1975",4.93015731004857,"E"
"FIN","GGNLEND","TOT","PC_GDP","A","1976",7.60906348294645,"E"
"FIN","GGNLEND","TOT","PC_GDP","A","1977",6.2547312764633,"E"
"FIN","GGNLEND","TOT","PC_GDP","A","1978",3.82755813975477,"E"
"FIN","GGNLEND","TOT","PC_GDP","A","1979",3.39865283492486,"E"
"FIN","GGNLEND","TOT","PC_GDP","A","1980",3.70205306474136,
"FIN","GGNLEND","TOT","PC_GDP","A","1981",5.10678540468122,
"FIN","GGNLEND","TOT","PC_GDP","A","1982",3.05352428568091,
"FIN","GGNLEND","TOT","PC_GDP","A","1983",1.51826101524543,
"FIN","GGNLEND","TOT","PC_GDP","A","1984",3.22858211747101,
"FIN","GGNLEND","TOT","PC_GDP","A","1985",3.3359086616877,
"FIN","GGNLEND","TOT","PC_GDP","A","1986",3.82817858453097,
"FIN","GGNLEND","TOT","PC_GDP","A","1987",1.62590820485557,
"FIN","GGNLEND","TOT","PC_GDP","A","1988",5.09234518983877,
"FIN","GGNLEND","TOT","PC_GDP","A","1989",6.72945943113947,
"FIN","GGNLEND","TOT","PC_GDP","A","1990",5.31778053848437,
"FIN","GGNLEND","TOT","PC_GDP","A","1991",-0.904498325642412,
"FIN","GGNLEND","TOT","PC_GDP","A","1992",-5.32778184048501,
"FIN","GGNLEND","TOT","PC_GDP","A","1993",-8.08559294348252,
"FIN","GGNLEND","TOT","PC_GDP","A","1994",-6.49593934919393,
"FIN","GGNLEND","TOT","PC_GDP","A","1995",-5.92497133405717,
"FIN","GGNLEND","TOT","PC_GDP","A","1996",-3.24637794735656,
"FIN","GGNLEND","TOT","PC_GDP","A","1997",-1.21472470150803,
"FIN","GGNLEND","TOT","PC_GDP","A","1998",1.63852781513024,
"FIN","GGNLEND","TOT","PC_GDP","A","1999",1.66724447666173,
"FIN","GGNLEND","TOT","PC_GDP","A","2000",6.85346154409932,
"FIN","GGNLEND","TOT","PC_GDP","A","2001",4.97621484083303,
"FIN","GGNLEND","TOT","PC_GDP","A","2002",4.05694812979001,
"FIN","GGNLEND","TOT","PC_GDP","A","2003",2.4237392009173,
"FIN","GGNLEND","TOT","PC_GDP","A","2004",2.20965242696431,
"FIN","GGNLEND","TOT","PC_GDP","A","2005",2.65169685524662,
"FIN","GGNLEND","TOT","PC_GDP","A","2006",3.97115045373835,
"FIN","GGNLEND","TOT","PC_GDP","A","2007",5.10819363667465,
"FIN","GGNLEND","TOT","PC_GDP","A","2008",4.17676884667851,
"FIN","GGNLEND","TOT","PC_GDP","A","2009",-2.48422257313738,
"FIN","GGNLEND","TOT","PC_GDP","A","2010",-2.53371106020421,
"FIN","GGNLEND","TOT","PC_GDP","A","2011",-1.01920221416378,
"FIN","GGNLEND","TOT","PC_GDP","A","2012",-2.15582206260539,
"FIN","GGNLEND","TOT","PC_GDP","A","2013",-2.52494848791852,
"FIN","GGNLEND","TOT","PC_GDP","A","2014",-2.9874768604668,
"FIN","GGNLEND","TOT","PC_GDP","A","2015",-2.42543226813634,
"FIN","GGNLEND","TOT","PC_GDP","A","2016",-1.69825025974862,
"FIN","GGNLEND","TOT","PC_GDP","A","2017",-0.653996226265019,
"FIN","GGNLEND","TOT","PC_GDP","A","2018",-0.85238942900178,
"FIN","GGNLEND","TOT","PC_GDP","A","2019",-0.948551783269028,
"FIN","GGNLEND","TOT","PC_GDP","A","2020",-5.44244042330092,
"FRA","GGNLEND","TOT","PC_GDP","A","1978",-1.79682457725571,
"FRA","GGNLEND","TOT","PC_GDP","A","1979",-0.4821576555084,
"FRA","GGNLEND","TOT","PC_GDP","A","1980",-0.428536644752861,
"FRA","GGNLEND","TOT","PC_GDP","A","1981",-2.40752178985656,
"FRA","GGNLEND","TOT","PC_GDP","A","1982",-2.83691332089851,
"FRA","GGNLEND","TOT","PC_GDP","A","1983",-2.54076788744866,
"FRA","GGNLEND","TOT","PC_GDP","A","1984",-2.73595179836782,
"FRA","GGNLEND","TOT","PC_GDP","A","1985",-2.97245967672752,
"FRA","GGNLEND","TOT","PC_GDP","A","1986",-3.1974131962347,
"FRA","GGNLEND","TOT","PC_GDP","A","1987",-2.01429233991797,
"FRA","GGNLEND","TOT","PC_GDP","A","1988",-2.56437692860578,
"FRA","GGNLEND","TOT","PC_GDP","A","1989",-1.7822310431733,
"FRA","GGNLEND","TOT","PC_GDP","A","1990",-2.43397060973133,
"FRA","GGNLEND","TOT","PC_GDP","A","1991",-2.86304450378078,
"FRA","GGNLEND","TOT","PC_GDP","A","1992",-4.60121858595576,
"FRA","GGNLEND","TOT","PC_GDP","A","1993",-6.3587944863889,
"FRA","GGNLEND","TOT","PC_GDP","A","1994",-5.42289936069065,
"FRA","GGNLEND","TOT","PC_GDP","A","1995",-5.10854299487882,
"FRA","GGNLEND","TOT","PC_GDP","A","1996",-3.90587942178419,
"FRA","GGNLEND","TOT","PC_GDP","A","1997",-3.65283417016237,
"FRA","GGNLEND","TOT","PC_GDP","A","1998",-2.37843739459248,
"FRA","GGNLEND","TOT","PC_GDP","A","1999",-1.60292762521601,
"FRA","GGNLEND","TOT","PC_GDP","A","2000",-1.31842268114447,
"FRA","GGNLEND","TOT","PC_GDP","A","2001",-1.37927447666103,
"FRA","GGNLEND","TOT","PC_GDP","A","2002",-3.1602899304648,
"FRA","GGNLEND","TOT","PC_GDP","A","2003",-4.0155372099498,
"FRA","GGNLEND","TOT","PC_GDP","A","2004",-3.59057029293687,
"FRA","GGNLEND","TOT","PC_GDP","A","2005",-3.35555989704995,
"FRA","GGNLEND","TOT","PC_GDP","A","2006",-2.44368560794004,
"FRA","GGNLEND","TOT","PC_GDP","A","2007",-2.63629620472246,
"FRA","GGNLEND","TOT","PC_GDP","A","2008",-3.26373482970116,
"FRA","GGNLEND","TOT","PC_GDP","A","2009",-7.17477905126052,
"FRA","GGNLEND","TOT","PC_GDP","A","2010",-6.88672167290052,
"FRA","GGNLEND","TOT","PC_GDP","A","2011",-5.15476088106651,
"FRA","GGNLEND","TOT","PC_GDP","A","2012",-4.98098433361866,
"FRA","GGNLEND","TOT","PC_GDP","A","2013",-4.08409452344595,
"FRA","GGNLEND","TOT","PC_GDP","A","2014",-3.90465934648671,
"FRA","GGNLEND","TOT","PC_GDP","A","2015",-3.62517466994658,
"FRA","GGNLEND","TOT","PC_GDP","A","2016",-3.63725639835479,
"FRA","GGNLEND","TOT","PC_GDP","A","2017",-2.95841709319262,
"FRA","GGNLEND","TOT","PC_GDP","A","2018",-2.28895454080005,
"FRA","GGNLEND","TOT","PC_GDP","A","2019",-3.06465077831587,"E"
"FRA","GGNLEND","TOT","PC_GDP","A","2020",-9.18288562917416,"E"
"DEU","GGNLEND","TOT","PC_GDP","A","1995",-9.43223143549332,
"DEU","GGNLEND","TOT","PC_GDP","A","1996",-3.57040252318646,
"DEU","GGNLEND","TOT","PC_GDP","A","1997",-2.94210029829437,
"DEU","GGNLEND","TOT","PC_GDP","A","1998",-2.56689270360699,
"DEU","GGNLEND","TOT","PC_GDP","A","1999",-1.71922038572844,
"DEU","GGNLEND","TOT","PC_GDP","A","2000",-1.58466447614848,
"DEU","GGNLEND","TOT","PC_GDP","A","2001",-3.02544487098051,
"DEU","GGNLEND","TOT","PC_GDP","A","2002",-3.87499317598675,
"DEU","GGNLEND","TOT","PC_GDP","A","2003",-3.70420108791492,
"DEU","GGNLEND","TOT","PC_GDP","A","2004",-3.33415837208069,
"DEU","GGNLEND","TOT","PC_GDP","A","2005",-3.31943661479432,
"DEU","GGNLEND","TOT","PC_GDP","A","2006",-1.65315209552719,
"DEU","GGNLEND","TOT","PC_GDP","A","2007",0.260886959652738,
"DEU","GGNLEND","TOT","PC_GDP","A","2008",-0.116356239372627,
"DEU","GGNLEND","TOT","PC_GDP","A","2009",-3.15051129928488,
"DEU","GGNLEND","TOT","PC_GDP","A","2010",-4.37864607705506,
"DEU","GGNLEND","TOT","PC_GDP","A","2011",-0.881398595167733,
"DEU","GGNLEND","TOT","PC_GDP","A","2012",0.009324994262943,
"DEU","GGNLEND","TOT","PC_GDP","A","2013",0.039980792146122,
"DEU","GGNLEND","TOT","PC_GDP","A","2014",0.579552713472226,
"DEU","GGNLEND","TOT","PC_GDP","A","2015",0.960550925589357,
"DEU","GGNLEND","TOT","PC_GDP","A","2016",1.16035141670442,
"DEU","GGNLEND","TOT","PC_GDP","A","2017",1.36189897725669,
"DEU","GGNLEND","TOT","PC_GDP","A","2018",1.83663497606073,
"DEU","GGNLEND","TOT","PC_GDP","A","2019",1.52128847073832,
"DEU","GGNLEND","TOT","PC_GDP","A","2020",-4.18490609019897,"E"
"GRC","GGNLEND","TOT","PC_GDP","A","1995",-9.73097954738537,
"GRC","GGNLEND","TOT","PC_GDP","A","1996",-8.15826266010893,
"GRC","GGNLEND","TOT","PC_GDP","A","1997",-6.05602622508187,
"GRC","GGNLEND","TOT","PC_GDP","A","1998",-6.26843356890484,
"GRC","GGNLEND","TOT","PC_GDP","A","1999",-5.79346265201213,
"GRC","GGNLEND","TOT","PC_GDP","A","2000",-4.06308720049148,
"GRC","GGNLEND","TOT","PC_GDP","A","2001",-5.46605574492258,
"GRC","GGNLEND","TOT","PC_GDP","A","2002",-6.02407559052943,
"GRC","GGNLEND","TOT","PC_GDP","A","2003",-7.83042345221338,
"GRC","GGNLEND","TOT","PC_GDP","A","2004",-8.82787977070417,
"GRC","GGNLEND","TOT","PC_GDP","A","2005",-6.18794265451324,
"GRC","GGNLEND","TOT","PC_GDP","A","2006",-5.94597758004825,
"GRC","GGNLEND","TOT","PC_GDP","A","2007",-6.70707463437705,
"GRC","GGNLEND","TOT","PC_GDP","A","2008",-10.1760239361008,
"GRC","GGNLEND","TOT","PC_GDP","A","2009",-15.1477146486663,
"GRC","GGNLEND","TOT","PC_GDP","A","2010",-11.2924079917294,"B"
"GRC","GGNLEND","TOT","PC_GDP","A","2011",-10.4668664799098,
"GRC","GGNLEND","TOT","PC_GDP","A","2012",-9.09077803118714,
"GRC","GGNLEND","TOT","PC_GDP","A","2013",-13.3707128524943,
"GRC","GGNLEND","TOT","PC_GDP","A","2014",-3.62335524113208,
"GRC","GGNLEND","TOT","PC_GDP","A","2015",-5.88211132422582,
"GRC","GGNLEND","TOT","PC_GDP","A","2016",0.243346793776542,
"GRC","GGNLEND","TOT","PC_GDP","A","2017",0.577470568712302,
"GRC","GGNLEND","TOT","PC_GDP","A","2018",0.929185488243164,"E"
"GRC","GGNLEND","TOT","PC_GDP","A","2019",1.14440869319756,"E"
"GRC","GGNLEND","TOT","PC_GDP","A","2020",-9.72684274380441,"E"
"HUN","GGNLEND","TOT","PC_GDP","A","1995",-8.59895145758156,
"HUN","GGNLEND","TOT","PC_GDP","A","1996",-4.37642027405454,
"HUN","GGNLEND","TOT","PC_GDP","A","1997",-5.5506877535497,
"HUN","GGNLEND","TOT","PC_GDP","A","1998",-7.42433325947077,
"HUN","GGNLEND","TOT","PC_GDP","A","1999",-5.2766279076362,
"HUN","GGNLEND","TOT","PC_GDP","A","2000",-3.04138710956697,
"HUN","GGNLEND","TOT","PC_GDP","A","2001",-3.99940254696825,
"HUN","GGNLEND","TOT","PC_GDP","A","2002",-8.79771369035393,
"HUN","GGNLEND","TOT","PC_GDP","A","2003",-7.18164823515817,
"HUN","GGNLEND","TOT","PC_GDP","A","2004",-6.60079629150708,
"HUN","GGNLEND","TOT","PC_GDP","A","2005",-7.79468908183149,
"HUN","GGNLEND","TOT","PC_GDP","A","2006",-9.27085573343213,
"HUN","GGNLEND","TOT","PC_GDP","A","2007",-5.09102063785007,
"HUN","GGNLEND","TOT","PC_GDP","A","2008",-3.78710797316346,
"HUN","GGNLEND","TOT","PC_GDP","A","2009",-4.7609926335303,
"HUN","GGNLEND","TOT","PC_GDP","A","2010",-4.43559849762698,
"HUN","GGNLEND","TOT","PC_GDP","A","2011",-5.21810412721772,
"HUN","GGNLEND","TOT","PC_GDP","A","2012",-2.33049231389502,
"HUN","GGNLEND","TOT","PC_GDP","A","2013",-2.60271229794275,
"HUN","GGNLEND","TOT","PC_GDP","A","2014",-2.78013933587436,
"HUN","GGNLEND","TOT","PC_GDP","A","2015",-2.00559799776245,
"HUN","GGNLEND","TOT","PC_GDP","A","2016",-1.79879346217717,
"HUN","GGNLEND","TOT","PC_GDP","A","2017",-2.43131378011048,
"HUN","GGNLEND","TOT","PC_GDP","A","2018",-2.09638189105404,
"HUN","GGNLEND","TOT","PC_GDP","A","2019",-2.07866945714616,"E"
"HUN","GGNLEND","TOT","PC_GDP","A","2020",-8.10502656227402,"E"
"ISL","GGNLEND","TOT","PC_GDP","A","1998",-0.564682527756048,
"ISL","GGNLEND","TOT","PC_GDP","A","1999",1.31906804053278,
"ISL","GGNLEND","TOT","PC_GDP","A","2000",1.44593503950344,
"ISL","GGNLEND","TOT","PC_GDP","A","2001",-0.280551557345084,
"ISL","GGNLEND","TOT","PC_GDP","A","2002",-2.27402508389383,
"ISL","GGNLEND","TOT","PC_GDP","A","2003",-2.32382086139307,
"ISL","GGNLEND","TOT","PC_GDP","A","2004",0.286477965913863,
"ISL","GGNLEND","TOT","PC_GDP","A","2005",5.00645801703311,
"ISL","GGNLEND","TOT","PC_GDP","A","2006",6.44941567249662,
"ISL","GGNLEND","TOT","PC_GDP","A","2007",5.59867348794361,
"ISL","GGNLEND","TOT","PC_GDP","A","2008",-12.1383929438469,
"ISL","GGNLEND","TOT","PC_GDP","A","2009",-8.57947187811533,
"ISL","GGNLEND","TOT","PC_GDP","A","2010",-6.66349622500155,
"ISL","GGNLEND","TOT","PC_GDP","A","2011",-6.53001162794489,
"ISL","GGNLEND","TOT","PC_GDP","A","2012",-2.6246187755709,
"ISL","GGNLEND","TOT","PC_GDP","A","2013",-1.24770110728447,
"ISL","GGNLEND","TOT","PC_GDP","A","2014",0.294975949222545,
"ISL","GGNLEND","TOT","PC_GDP","A","2015",-0.395504835686408,
"ISL","GGNLEND","TOT","PC_GDP","A","2016",12.5493066046036,
"ISL","GGNLEND","TOT","PC_GDP","A","2017",0.954939141744088,
"ISL","GGNLEND","TOT","PC_GDP","A","2018",0.913388959426556,
"ISL","GGNLEND","TOT","PC_GDP","A","2019",-1.52243478407143,
"ISL","GGNLEND","TOT","PC_GDP","A","2020",-7.31318605138755,
"IRL","GGNLEND","TOT","PC_GDP","A","1995",-2.07624231647836,
"IRL","GGNLEND","TOT","PC_GDP","A","1996",-0.197714493222644,
"IRL","GGNLEND","TOT","PC_GDP","A","1997",1.37377115497484,
"IRL","GGNLEND","TOT","PC_GDP","A","1998",2.07294436184258,
"IRL","GGNLEND","TOT","PC_GDP","A","1999",3.54167953651117,
"IRL","GGNLEND","TOT","PC_GDP","A","2000",4.85972395450686,
"IRL","GGNLEND","TOT","PC_GDP","A","2001",0.960374058897053,
"IRL","GGNLEND","TOT","PC_GDP","A","2002",-0.519152482030906,
"IRL","GGNLEND","TOT","PC_GDP","A","2003",0.346405067784751,
"IRL","GGNLEND","TOT","PC_GDP","A","2004",1.29897000837491,
"IRL","GGNLEND","TOT","PC_GDP","A","2005",1.57129290050603,
"IRL","GGNLEND","TOT","PC_GDP","A","2006",2.77554557704769,
"IRL","GGNLEND","TOT","PC_GDP","A","2007",0.267863628507708,
"IRL","GGNLEND","TOT","PC_GDP","A","2008",-7.01785437129784,
"IRL","GGNLEND","TOT","PC_GDP","A","2009",-13.850991624663,
"IRL","GGNLEND","TOT","PC_GDP","A","2010",-32.0646238205817,
"IRL","GGNLEND","TOT","PC_GDP","A","2011",-13.0141694985438,
"IRL","GGNLEND","TOT","PC_GDP","A","2012",-8.33462175715685,
"IRL","GGNLEND","TOT","PC_GDP","A","2013",-6.23067284378324,
"IRL","GGNLEND","TOT","PC_GDP","A","2014",-3.47324605966878,
"IRL","GGNLEND","TOT","PC_GDP","A","2015",-1.93630181905827,
"IRL","GGNLEND","TOT","PC_GDP","A","2016",-0.659950363291495,
"IRL","GGNLEND","TOT","PC_GDP","A","2017",-0.331516101786733,
"IRL","GGNLEND","TOT","PC_GDP","A","2018",0.099169785664161,
"IRL","GGNLEND","TOT","PC_GDP","A","2019",0.493678220283305,
"IRL","GGNLEND","TOT","PC_GDP","A","2020",-5.02474179364228,
"ITA","GGNLEND","TOT","PC_GDP","A","1995",-7.21026969879479,
"ITA","GGNLEND","TOT","PC_GDP","A","1996",-6.61466734909516,
"ITA","GGNLEND","TOT","PC_GDP","A","1997",-2.98162515140422,
"ITA","GGNLEND","TOT","PC_GDP","A","1998",-2.98826164253763,
"ITA","GGNLEND","TOT","PC_GDP","A","1999",-1.7727957166301,
"ITA","GGNLEND","TOT","PC_GDP","A","2000",-2.42333366008521,
"ITA","GGNLEND","TOT","PC_GDP","A","2001",-3.1903094828702,
"ITA","GGNLEND","TOT","PC_GDP","A","2002",-2.86930158357038,
"ITA","GGNLEND","TOT","PC_GDP","A","2003",-3.21762520961599,
"ITA","GGNLEND","TOT","PC_GDP","A","2004",-3.47885003225875,
"ITA","GGNLEND","TOT","PC_GDP","A","2005",-4.08252268810197,
"ITA","GGNLEND","TOT","PC_GDP","A","2006",-3.6165696777998,
"ITA","GGNLEND","TOT","PC_GDP","A","2007",-1.3402567858434,
"ITA","GGNLEND","TOT","PC_GDP","A","2008",-2.56390153162418,
"ITA","GGNLEND","TOT","PC_GDP","A","2009",-5.12104598879611,
"ITA","GGNLEND","TOT","PC_GDP","A","2010",-4.23973644794317,
"ITA","GGNLEND","TOT","PC_GDP","A","2011",-3.59301237939542,
"ITA","GGNLEND","TOT","PC_GDP","A","2012",-2.94540854800113,
"ITA","GGNLEND","TOT","PC_GDP","A","2013",-2.85425285349328,
"ITA","GGNLEND","TOT","PC_GDP","A","2014",-2.95439563437658,
"ITA","GGNLEND","TOT","PC_GDP","A","2015",-2.55220179357298,
"ITA","GGNLEND","TOT","PC_GDP","A","2016",-2.40389888634585,
"ITA","GGNLEND","TOT","PC_GDP","A","2017",-2.41852897236474,
"ITA","GGNLEND","TOT","PC_GDP","A","2018",-2.18044386607351,
"ITA","GGNLEND","TOT","PC_GDP","A","2019",-1.55789566549214,
"ITA","GGNLEND","TOT","PC_GDP","A","2020",-9.49748633881105,
"JPN","GGNLEND","TOT","PC_GDP","A","2005",-4.43846152112727,
"JPN","GGNLEND","TOT","PC_GDP","A","2006",-3.02875608544721,
"JPN","GGNLEND","TOT","PC_GDP","A","2007",-2.90102556789893,
"JPN","GGNLEND","TOT","PC_GDP","A","2008",-4.10962900877149,
"JPN","GGNLEND","TOT","PC_GDP","A","2009",-9.69302442485772,
"JPN","GGNLEND","TOT","PC_GDP","A","2010",-9.07583042450843,
"JPN","GGNLEND","TOT","PC_GDP","A","2011",-8.98552595050466,
"JPN","GGNLEND","TOT","PC_GDP","A","2012",-8.1964782635366,
"JPN","GGNLEND","TOT","PC_GDP","A","2013",-7.61141229241719,
"JPN","GGNLEND","TOT","PC_GDP","A","2014",-5.61611068385212,
"JPN","GGNLEND","TOT","PC_GDP","A","2015",-3.67784610700882,
"JPN","GGNLEND","TOT","PC_GDP","A","2016",-3.5995727863274,
"JPN","GGNLEND","TOT","PC_GDP","A","2017",-3.09874103418536,
"JPN","GGNLEND","TOT","PC_GDP","A","2018",-2.4726819775127,
"JPN","GGNLEND","TOT","PC_GDP","A","2019",-2.89245581871017,
"KOR","GGNLEND","TOT","PC_GDP","A","1970",-0.007151541157119,
"KOR","GGNLEND","TOT","PC_GDP","A","1971",-1.04712041884817,
"KOR","GGNLEND","TOT","PC_GDP","A","1972",-2.50720528621974,
"KOR","GGNLEND","TOT","PC_GDP","A","1973",-2.31035044234979,
"KOR","GGNLEND","TOT","PC_GDP","A","1974",-1.74067046173308,
"KOR","GGNLEND","TOT","PC_GDP","A","1975",-4.03467506354566,
"KOR","GGNLEND","TOT","PC_GDP","A","1976",-1.10137637499309,
"KOR","GGNLEND","TOT","PC_GDP","A","1977",-1.88627533171038,
"KOR","GGNLEND","TOT","PC_GDP","A","1978",-0.360969210280467,
"KOR","GGNLEND","TOT","PC_GDP","A","1979",-0.194122022202128,
"KOR","GGNLEND","TOT","PC_GDP","A","1980",-1.33895194725753,
"KOR","GGNLEND","TOT","PC_GDP","A","1981",-3.58064659008089,
"KOR","GGNLEND","TOT","PC_GDP","A","1982",-0.694577789570336,
"KOR","GGNLEND","TOT","PC_GDP","A","1983",0.706961358752411,
"KOR","GGNLEND","TOT","PC_GDP","A","1984",1.16615961308694,
"KOR","GGNLEND","TOT","PC_GDP","A","1985",0.647341361652201,
"KOR","GGNLEND","TOT","PC_GDP","A","1986",1.10131688057965,
"KOR","GGNLEND","TOT","PC_GDP","A","1987",2.05665180471627,
"KOR","GGNLEND","TOT","PC_GDP","A","1988",2.61968413921875,
"KOR","GGNLEND","TOT","PC_GDP","A","1989",2.12301675856354,
"KOR","GGNLEND","TOT","PC_GDP","A","1990",2.48294493014925,
"KOR","GGNLEND","TOT","PC_GDP","A","1991",1.03471981940036,
"KOR","GGNLEND","TOT","PC_GDP","A","1992",0.904839937047094,
"KOR","GGNLEND","TOT","PC_GDP","A","1993",1.40477877335997,
"KOR","GGNLEND","TOT","PC_GDP","A","1994",2.51545396509039,
"KOR","GGNLEND","TOT","PC_GDP","A","1995",2.78814926149137,
"KOR","GGNLEND","TOT","PC_GDP","A","1996",3.03456711600203,
"KOR","GGNLEND","TOT","PC_GDP","A","1997",2.31111778595569,
"KOR","GGNLEND","TOT","PC_GDP","A","1998",0.25179848749654,
"KOR","GGNLEND","TOT","PC_GDP","A","1999",1.40264737857446,
"KOR","GGNLEND","TOT","PC_GDP","A","2000",4.16660016721033,
"KOR","GGNLEND","TOT","PC_GDP","A","2001",2.90715428233916,
"KOR","GGNLEND","TOT","PC_GDP","A","2002",3.11125462620611,
"KOR","GGNLEND","TOT","PC_GDP","A","2003",-2.13302442781822,
"KOR","GGNLEND","TOT","PC_GDP","A","2004",-0.077968894340975,
"KOR","GGNLEND","TOT","PC_GDP","A","2005",1.35182304455658,
"KOR","GGNLEND","TOT","PC_GDP","A","2006",1.9690503643839,
"KOR","GGNLEND","TOT","PC_GDP","A","2007",3.95731623491433,
"KOR","GGNLEND","TOT","PC_GDP","A","2008",2.13128126309059,
"KOR","GGNLEND","TOT","PC_GDP","A","2009",-1.27621266461122,
"KOR","GGNLEND","TOT","PC_GDP","A","2010",0.882973015803889,
"KOR","GGNLEND","TOT","PC_GDP","A","2011",0.983334595689424,
"KOR","GGNLEND","TOT","PC_GDP","A","2012",1.0179351402954,
"KOR","GGNLEND","TOT","PC_GDP","A","2013",1.28341250454502,
"KOR","GGNLEND","TOT","PC_GDP","A","2014",1.21232002300297,
"KOR","GGNLEND","TOT","PC_GDP","A","2015",1.18041370299183,
"KOR","GGNLEND","TOT","PC_GDP","A","2016",2.20918834297001,
"KOR","GGNLEND","TOT","PC_GDP","A","2017",2.68183517312377,
"KOR","GGNLEND","TOT","PC_GDP","A","2018",3.02487218631028,
"KOR","GGNLEND","TOT","PC_GDP","A","2019",0.935837759287861,"E"
"LUX","GGNLEND","TOT","PC_GDP","A","1995",2.58308613338649,
"LUX","GGNLEND","TOT","PC_GDP","A","1996",2.22609396879705,
"LUX","GGNLEND","TOT","PC_GDP","A","1997",2.47687514644313,
"LUX","GGNLEND","TOT","PC_GDP","A","1998",2.83910475310171,
"LUX","GGNLEND","TOT","PC_GDP","A","1999",3.0709692221749,
"LUX","GGNLEND","TOT","PC_GDP","A","2000",5.52861266568279,
"LUX","GGNLEND","TOT","PC_GDP","A","2001",5.64834668437495,
"LUX","GGNLEND","TOT","PC_GDP","A","2002",2.02405380958561,
"LUX","GGNLEND","TOT","PC_GDP","A","2003",0.275826356481398,
"LUX","GGNLEND","TOT","PC_GDP","A","2004",-1.40484941647421,
"LUX","GGNLEND","TOT","PC_GDP","A","2005",-0.212601678130361,
"LUX","GGNLEND","TOT","PC_GDP","A","2006",1.92464993583704,
"LUX","GGNLEND","TOT","PC_GDP","A","2007",4.40883035958784,
"LUX","GGNLEND","TOT","PC_GDP","A","2008",3.53353127408544,
"LUX","GGNLEND","TOT","PC_GDP","A","2009",-0.225609456401748,
"LUX","GGNLEND","TOT","PC_GDP","A","2010",-0.271398920379238,
"LUX","GGNLEND","TOT","PC_GDP","A","2011",0.668222681589929,
"LUX","GGNLEND","TOT","PC_GDP","A","2012",0.530684690899401,
"LUX","GGNLEND","TOT","PC_GDP","A","2013",0.887240444855822,
"LUX","GGNLEND","TOT","PC_GDP","A","2014",1.38406308534198,
"LUX","GGNLEND","TOT","PC_GDP","A","2015",1.35540274338967,
"LUX","GGNLEND","TOT","PC_GDP","A","2016",1.93613049158138,
"LUX","GGNLEND","TOT","PC_GDP","A","2017",1.32625589396991,
"LUX","GGNLEND","TOT","PC_GDP","A","2018",3.02372322872621,
"LUX","GGNLEND","TOT","PC_GDP","A","2019",2.36822345514389,
"LUX","GGNLEND","TOT","PC_GDP","A","2020",-4.08488637083795,
"MEX","GGNLEND","TOT","PC_GDP","A","2003",-1.32252452291623,
"MEX","GGNLEND","TOT","PC_GDP","A","2004",-0.852517167671841,
"MEX","GGNLEND","TOT","PC_GDP","A","2005",-0.721186100179152,
"MEX","GGNLEND","TOT","PC_GDP","A","2006",-0.970872524657352,
"MEX","GGNLEND","TOT","PC_GDP","A","2007",-0.710616284765569,
"MEX","GGNLEND","TOT","PC_GDP","A","2008",-0.934756040514799,
"MEX","GGNLEND","TOT","PC_GDP","A","2009",-3.08038803143494,
"MEX","GGNLEND","TOT","PC_GDP","A","2010",-2.97155040530915,
"MEX","GGNLEND","TOT","PC_GDP","A","2011",-5.29719247302153,
"MEX","GGNLEND","TOT","PC_GDP","A","2012",-4.72690369565036,
"MEX","GGNLEND","TOT","PC_GDP","A","2013",-4.54688838098025,
"MEX","GGNLEND","TOT","PC_GDP","A","2014",-4.22301981901065,
"MEX","GGNLEND","TOT","PC_GDP","A","2015",-5.16765341811336,
"MEX","GGNLEND","TOT","PC_GDP","A","2016",-2.8824067630504,
"MEX","GGNLEND","TOT","PC_GDP","A","2017",-2.50814939839468,
"MEX","GGNLEND","TOT","PC_GDP","A","2018",-5.10380102815833,"E"
"MEX","GGNLEND","TOT","PC_GDP","A","2019",-4.3220361719539,"E"
"NLD","GGNLEND","TOT","PC_GDP","A","1995",-8.72136599635257,
"NLD","GGNLEND","TOT","PC_GDP","A","1996",-1.8132752992383,
"NLD","GGNLEND","TOT","PC_GDP","A","1997",-1.57405851845027,
"NLD","GGNLEND","TOT","PC_GDP","A","1998",-1.34696103171483,
"NLD","GGNLEND","TOT","PC_GDP","A","1999",0.260096934384529,
"NLD","GGNLEND","TOT","PC_GDP","A","2000",1.20883083669058,
"NLD","GGNLEND","TOT","PC_GDP","A","2001",-0.416285348457399,
"NLD","GGNLEND","TOT","PC_GDP","A","2002",-2.00783418506317,
"NLD","GGNLEND","TOT","PC_GDP","A","2003",-3.07326300189154,
"NLD","GGNLEND","TOT","PC_GDP","A","2004",-1.76653076030728,
"NLD","GGNLEND","TOT","PC_GDP","A","2005",-0.451638551198712,
"NLD","GGNLEND","TOT","PC_GDP","A","2006",-0.021555189839636,
"NLD","GGNLEND","TOT","PC_GDP","A","2007",-0.21754929986918,
"NLD","GGNLEND","TOT","PC_GDP","A","2008",0.093634405545135,
"NLD","GGNLEND","TOT","PC_GDP","A","2009",-5.17618854046303,
"NLD","GGNLEND","TOT","PC_GDP","A","2010",-5.32692310700937,
"NLD","GGNLEND","TOT","PC_GDP","A","2011",-4.46507236772306,
"NLD","GGNLEND","TOT","PC_GDP","A","2012",-4.02256779066598,
"NLD","GGNLEND","TOT","PC_GDP","A","2013",-3.00667864816046,
"NLD","GGNLEND","TOT","PC_GDP","A","2014",-2.27291679075585,
"NLD","GGNLEND","TOT","PC_GDP","A","2015",-2.10171476272739,
"NLD","GGNLEND","TOT","PC_GDP","A","2016",0.002823514795923,
"NLD","GGNLEND","TOT","PC_GDP","A","2017",1.30719396975666,
"NLD","GGNLEND","TOT","PC_GDP","A","2018",1.418886880529,
"NLD","GGNLEND","TOT","PC_GDP","A","2019",1.76999096002115,"E"
"NLD","GGNLEND","TOT","PC_GDP","A","2020",-4.2452458770521,"E"
"NOR","GGNLEND","TOT","PC_GDP","A","1995",3.14233266676219,
"NOR","GGNLEND","TOT","PC_GDP","A","1996",6.1656135746469,
"NOR","GGNLEND","TOT","PC_GDP","A","1997",7.46000315418718,
"NOR","GGNLEND","TOT","PC_GDP","A","1998",3.18308977645726,
"NOR","GGNLEND","TOT","PC_GDP","A","1999",5.81019507951795,
"NOR","GGNLEND","TOT","PC_GDP","A","2000",15.0648551068379,
"NOR","GGNLEND","TOT","PC_GDP","A","2001",13.2076460743614,
"NOR","GGNLEND","TOT","PC_GDP","A","2002",9.04065659380433,
"NOR","GGNLEND","TOT","PC_GDP","A","2003",7.21152778017779,
"NOR","GGNLEND","TOT","PC_GDP","A","2004",10.8563560700385,
"NOR","GGNLEND","TOT","PC_GDP","A","2005",14.7636642852441,
"NOR","GGNLEND","TOT","PC_GDP","A","2006",17.9376415918842,
"NOR","GGNLEND","TOT","PC_GDP","A","2007",17.0953372368758,
"NOR","GGNLEND","TOT","PC_GDP","A","2008",18.6327668012995,
"NOR","GGNLEND","TOT","PC_GDP","A","2009",10.239404796661,
"NOR","GGNLEND","TOT","PC_GDP","A","2010",10.9227201918287,
"NOR","GGNLEND","TOT","PC_GDP","A","2011",13.3484179908711,
"NOR","GGNLEND","TOT","PC_GDP","A","2012",13.7625406833144,
"NOR","GGNLEND","TOT","PC_GDP","A","2013",10.6682547414321,
"NOR","GGNLEND","TOT","PC_GDP","A","2014",8.62298754399337,
"NOR","GGNLEND","TOT","PC_GDP","A","2015",6.02236844811981,
"NOR","GGNLEND","TOT","PC_GDP","A","2016",4.05945745651919,
"NOR","GGNLEND","TOT","PC_GDP","A","2017",5.00215149563844,
"NOR","GGNLEND","TOT","PC_GDP","A","2018",7.86704746897774,
"NOR","GGNLEND","TOT","PC_GDP","A","2019",6.61083910048177,
"NOR","GGNLEND","TOT","PC_GDP","A","2020",-3.35742430678639,
"POL","GGNLEND","TOT","PC_GDP","A","1995",-4.19231438010781,
"POL","GGNLEND","TOT","PC_GDP","A","1996",-4.59114094332677,
"POL","GGNLEND","TOT","PC_GDP","A","1997",-4.56158076627209,
"POL","GGNLEND","TOT","PC_GDP","A","1998",-4.17375634776965,
"POL","GGNLEND","TOT","PC_GDP","A","1999",-2.25327264910382,
"POL","GGNLEND","TOT","PC_GDP","A","2000",-3.9943458969676,
"POL","GGNLEND","TOT","PC_GDP","A","2001",-4.74135945584916,
"POL","GGNLEND","TOT","PC_GDP","A","2002",-4.81757270867038,
"POL","GGNLEND","TOT","PC_GDP","A","2003",-6.03610686157856,
"POL","GGNLEND","TOT","PC_GDP","A","2004",-5.00765734531787,
"POL","GGNLEND","TOT","PC_GDP","A","2005",-3.93830575550463,
"POL","GGNLEND","TOT","PC_GDP","A","2006",-3.53945228817941,
"POL","GGNLEND","TOT","PC_GDP","A","2007",-1.88251363359236,
"POL","GGNLEND","TOT","PC_GDP","A","2008",-3.60610188002063,
"POL","GGNLEND","TOT","PC_GDP","A","2009",-7.25205444507206,
"POL","GGNLEND","TOT","PC_GDP","A","2010",-7.40086699049794,
"POL","GGNLEND","TOT","PC_GDP","A","2011",-4.96725445311966,
"POL","GGNLEND","TOT","PC_GDP","A","2012",-3.79077293799224,
"POL","GGNLEND","TOT","PC_GDP","A","2013",-4.22511604859102,
"POL","GGNLEND","TOT","PC_GDP","A","2014",-3.64576705601305,
"POL","GGNLEND","TOT","PC_GDP","A","2015",-2.59622944047899,
"POL","GGNLEND","TOT","PC_GDP","A","2016",-2.38584975371441,
"POL","GGNLEND","TOT","PC_GDP","A","2017",-1.48660567333472,
"POL","GGNLEND","TOT","PC_GDP","A","2018",-0.241662365576193,
"POL","GGNLEND","TOT","PC_GDP","A","2019",-0.688863024970794,
"POL","GGNLEND","TOT","PC_GDP","A","2020",-6.95154051945492,"E"
"PRT","GGNLEND","TOT","PC_GDP","A","1995",-5.17867542208957,
"PRT","GGNLEND","TOT","PC_GDP","A","1996",-4.7376625583346,
"PRT","GGNLEND","TOT","PC_GDP","A","1997",-3.70560385635002,
"PRT","GGNLEND","TOT","PC_GDP","A","1998",-4.38754526905654,
"PRT","GGNLEND","TOT","PC_GDP","A","1999",-3.03149649585352,
"PRT","GGNLEND","TOT","PC_GDP","A","2000",-3.21620359765601,
"PRT","GGNLEND","TOT","PC_GDP","A","2001",-4.78986526894651,
"PRT","GGNLEND","TOT","PC_GDP","A","2002",-3.33437941452512,
"PRT","GGNLEND","TOT","PC_GDP","A","2003",-5.65604241283527,
"PRT","GGNLEND","TOT","PC_GDP","A","2004",-6.18355972346978,
"PRT","GGNLEND","TOT","PC_GDP","A","2005",-6.13031487624456,
"PRT","GGNLEND","TOT","PC_GDP","A","2006",-4.18049464301704,
"PRT","GGNLEND","TOT","PC_GDP","A","2007",-2.89922577919492,
"PRT","GGNLEND","TOT","PC_GDP","A","2008",-3.69958521191248,
"PRT","GGNLEND","TOT","PC_GDP","A","2009",-9.87256399467286,
"PRT","GGNLEND","TOT","PC_GDP","A","2010",-11.3983916299366,
"PRT","GGNLEND","TOT","PC_GDP","A","2011",-7.66322170628003,
"PRT","GGNLEND","TOT","PC_GDP","A","2012",-6.17976460212093,
"PRT","GGNLEND","TOT","PC_GDP","A","2013",-5.10450711404398,
"PRT","GGNLEND","TOT","PC_GDP","A","2014",-7.35602339738596,
"PRT","GGNLEND","TOT","PC_GDP","A","2015",-4.44878385338494,
"PRT","GGNLEND","TOT","PC_GDP","A","2016",-1.93502260560498,
"PRT","GGNLEND","TOT","PC_GDP","A","2017",-2.9560155513314,
"PRT","GGNLEND","TOT","PC_GDP","A","2018",-0.348984115359724,
"PRT","GGNLEND","TOT","PC_GDP","A","2019",0.082711190177616,"E"
"PRT","GGNLEND","TOT","PC_GDP","A","2020",-5.68082073918823,"E"
"SVK","GGNLEND","TOT","PC_GDP","A","1995",-3.47318900639588,
"SVK","GGNLEND","TOT","PC_GDP","A","1996",-9.81565983235762,
"SVK","GGNLEND","TOT","PC_GDP","A","1997",-6.26612301522511,
"SVK","GGNLEND","TOT","PC_GDP","A","1998",-5.29696950485267,
"SVK","GGNLEND","TOT","PC_GDP","A","1999",-7.17311281112567,
"SVK","GGNLEND","TOT","PC_GDP","A","2000",-12.6309703965441,
"SVK","GGNLEND","TOT","PC_GDP","A","2001",-7.2204623191007,
"SVK","GGNLEND","TOT","PC_GDP","A","2002",-8.22062979680949,
"SVK","GGNLEND","TOT","PC_GDP","A","2003",-3.12019205246891,
"SVK","GGNLEND","TOT","PC_GDP","A","2004",-2.3142073760149,
"SVK","GGNLEND","TOT","PC_GDP","A","2005",-2.87434072373496,
"SVK","GGNLEND","TOT","PC_GDP","A","2006",-3.57847588133196,
"SVK","GGNLEND","TOT","PC_GDP","A","2007",-2.05036616802731,
"SVK","GGNLEND","TOT","PC_GDP","A","2008",-2.52342400483425,
"SVK","GGNLEND","TOT","PC_GDP","A","2009",-8.14933724150046,
"SVK","GGNLEND","TOT","PC_GDP","A","2010",-7.5360046712758,
"SVK","GGNLEND","TOT","PC_GDP","A","2011",-4.33254508491181,
"SVK","GGNLEND","TOT","PC_GDP","A","2012",-4.35620278065433,
"SVK","GGNLEND","TOT","PC_GDP","A","2013",-2.87960463331815,
"SVK","GGNLEND","TOT","PC_GDP","A","2014",-3.10748163896433,
"SVK","GGNLEND","TOT","PC_GDP","A","2015",-2.6770028980702,
"SVK","GGNLEND","TOT","PC_GDP","A","2016",-2.58122308138928,
"SVK","GGNLEND","TOT","PC_GDP","A","2017",-0.979989793893581,
"SVK","GGNLEND","TOT","PC_GDP","A","2018",-1.00915782609532,
"SVK","GGNLEND","TOT","PC_GDP","A","2019",-1.32979128428032,
"SVK","GGNLEND","TOT","PC_GDP","A","2020",-6.12609856242783,
"ESP","GGNLEND","TOT","PC_GDP","A","1995",-6.78849644367634,
"ESP","GGNLEND","TOT","PC_GDP","A","1996",-5.8628013319624,
"ESP","GGNLEND","TOT","PC_GDP","A","1997",-3.85696788556198,
"ESP","GGNLEND","TOT","PC_GDP","A","1998",-2.62485319059772,
"ESP","GGNLEND","TOT","PC_GDP","A","1999",-1.23916652538176,
"ESP","GGNLEND","TOT","PC_GDP","A","2000",-1.16076073047661,
"ESP","GGNLEND","TOT","PC_GDP","A","2001",-0.454926083427367,
"ESP","GGNLEND","TOT","PC_GDP","A","2002",-0.316722522253293,
"ESP","GGNLEND","TOT","PC_GDP","A","2003",-0.375062635086119,
"ESP","GGNLEND","TOT","PC_GDP","A","2004",-0.109490282591976,
"ESP","GGNLEND","TOT","PC_GDP","A","2005",1.23156454310476,
"ESP","GGNLEND","TOT","PC_GDP","A","2006",2.12407964352281,
"ESP","GGNLEND","TOT","PC_GDP","A","2007",1.88621705024179,
"ESP","GGNLEND","TOT","PC_GDP","A","2008",-4.57225104795587,
"ESP","GGNLEND","TOT","PC_GDP","A","2009",-11.2759194368774,
"ESP","GGNLEND","TOT","PC_GDP","A","2010",-9.52662837731389,
"ESP","GGNLEND","TOT","PC_GDP","A","2011",-9.73957545054678,
"ESP","GGNLEND","TOT","PC_GDP","A","2012",-10.7357295468233,
"ESP","GGNLEND","TOT","PC_GDP","A","2013",-7.03593283860016,
"ESP","GGNLEND","TOT","PC_GDP","A","2014",-5.91537342151105,
"ESP","GGNLEND","TOT","PC_GDP","A","2015",-5.17692257723253,
"ESP","GGNLEND","TOT","PC_GDP","A","2016",-4.30519643754938,
"ESP","GGNLEND","TOT","PC_GDP","A","2017",-3.02427041993619,
"ESP","GGNLEND","TOT","PC_GDP","A","2018",-2.48289171353575,"E"
"ESP","GGNLEND","TOT","PC_GDP","A","2019",-2.86293393488928,"E"
"ESP","GGNLEND","TOT","PC_GDP","A","2020",-10.9719371880845,"E"
"SWE","GGNLEND","TOT","PC_GDP","A","1995",-6.97314258173364,
"SWE","GGNLEND","TOT","PC_GDP","A","1996",-3.09103194894384,
"SWE","GGNLEND","TOT","PC_GDP","A","1997",-1.54972307009973,
"SWE","GGNLEND","TOT","PC_GDP","A","1998",0.84583388491364,
"SWE","GGNLEND","TOT","PC_GDP","A","1999",0.633121571529887,
"SWE","GGNLEND","TOT","PC_GDP","A","2000",3.13638970313739,
"SWE","GGNLEND","TOT","PC_GDP","A","2001",1.40837813646913,
"SWE","GGNLEND","TOT","PC_GDP","A","2002",-1.42352644153797,
"SWE","GGNLEND","TOT","PC_GDP","A","2003",-1.23696575355893,
"SWE","GGNLEND","TOT","PC_GDP","A","2004",0.348845344170753,
"SWE","GGNLEND","TOT","PC_GDP","A","2005",1.829152003439,
"SWE","GGNLEND","TOT","PC_GDP","A","2006",2.22900064965269,
"SWE","GGNLEND","TOT","PC_GDP","A","2007",3.32833575983698,
"SWE","GGNLEND","TOT","PC_GDP","A","2008",1.90056247294676,
"SWE","GGNLEND","TOT","PC_GDP","A","2009",-0.717324216359134,
"SWE","GGNLEND","TOT","PC_GDP","A","2010",-0.045556543982073,
"SWE","GGNLEND","TOT","PC_GDP","A","2011",-0.233240922180152,
"SWE","GGNLEND","TOT","PC_GDP","A","2012",-1.01264037214213,
"SWE","GGNLEND","TOT","PC_GDP","A","2013",-1.399047943179,
"SWE","GGNLEND","TOT","PC_GDP","A","2014",-1.52622391195999,
"SWE","GGNLEND","TOT","PC_GDP","A","2015",0.002135914582194,
"SWE","GGNLEND","TOT","PC_GDP","A","2016",1.0055875032361,
"SWE","GGNLEND","TOT","PC_GDP","A","2017",1.4227170301836,
"SWE","GGNLEND","TOT","PC_GDP","A","2018",0.819500669593021,
"SWE","GGNLEND","TOT","PC_GDP","A","2019",0.587529474996034,
"SWE","GGNLEND","TOT","PC_GDP","A","2020",-3.05256369301984,
"CHE","GGNLEND","TOT","PC_GDP","A","1995",-1.85739376249664,
"CHE","GGNLEND","TOT","PC_GDP","A","1996",-2.01258271943096,
"CHE","GGNLEND","TOT","PC_GDP","A","1997",-2.33062939029789,
"CHE","GGNLEND","TOT","PC_GDP","A","1998",-1.30345183901092,
"CHE","GGNLEND","TOT","PC_GDP","A","1999",-1.56724192970503,
"CHE","GGNLEND","TOT","PC_GDP","A","2000",0.281337704716356,
"CHE","GGNLEND","TOT","PC_GDP","A","2001",0.207109829019697,
"CHE","GGNLEND","TOT","PC_GDP","A","2002",-1.74204466384583,
"CHE","GGNLEND","TOT","PC_GDP","A","2003",-1.35540681551433,
"CHE","GGNLEND","TOT","PC_GDP","A","2004",-1.38568155881088,
"CHE","GGNLEND","TOT","PC_GDP","A","2005",-0.642358304326107,
"CHE","GGNLEND","TOT","PC_GDP","A","2006",0.842378309933941,
"CHE","GGNLEND","TOT","PC_GDP","A","2007",1.56695943598957,
"CHE","GGNLEND","TOT","PC_GDP","A","2008",1.92330868877306,
"CHE","GGNLEND","TOT","PC_GDP","A","2009",0.494047129085824,
"CHE","GGNLEND","TOT","PC_GDP","A","2010",0.35122697439522,
"CHE","GGNLEND","TOT","PC_GDP","A","2011",0.677588573279933,
"CHE","GGNLEND","TOT","PC_GDP","A","2012",0.233298220141595,
"CHE","GGNLEND","TOT","PC_GDP","A","2013",-0.428613530822639,
"CHE","GGNLEND","TOT","PC_GDP","A","2014",-0.244464252811588,
"CHE","GGNLEND","TOT","PC_GDP","A","2015",0.539275975996689,
"CHE","GGNLEND","TOT","PC_GDP","A","2016",0.235573891427647,
"CHE","GGNLEND","TOT","PC_GDP","A","2017",1.11552335773419,
"CHE","GGNLEND","TOT","PC_GDP","A","2018",1.26430317828119,
"CHE","GGNLEND","TOT","PC_GDP","A","2019",1.42061253605158,
"TUR","GGNLEND","TOT","PC_GDP","A","2009",-6.12654345858793,
"TUR","GGNLEND","TOT","PC_GDP","A","2010",-2.75323479811019,
"TUR","GGNLEND","TOT","PC_GDP","A","2011",-0.736199994616805,
"TUR","GGNLEND","TOT","PC_GDP","A","2012",-0.300218444724951,
"TUR","GGNLEND","TOT","PC_GDP","A","2013",0.203597868391041,
"TUR","GGNLEND","TOT","PC_GDP","A","2014",0.219587879237371,
"TUR","GGNLEND","TOT","PC_GDP","A","2015",0.496583390979143,
"TUR","GGNLEND","TOT","PC_GDP","A","2016",-1.32264638076703,
"TUR","GGNLEND","TOT","PC_GDP","A","2017",-2.78379810496649,
"TUR","GGNLEND","TOT","PC_GDP","A","2018",-2.87596920801559,
"TUR","GGNLEND","TOT","PC_GDP","A","2019",-4.46758001807312,
"GBR","GGNLEND","TOT","PC_GDP","A","1990",-1.74069676597804,
"GBR","GGNLEND","TOT","PC_GDP","A","1991",-2.96713099144091,
"GBR","GGNLEND","TOT","PC_GDP","A","1992",-6.10054004195367,
"GBR","GGNLEND","TOT","PC_GDP","A","1993",-7.42877973928058,
"GBR","GGNLEND","TOT","PC_GDP","A","1994",-6.39066769011106,
"GBR","GGNLEND","TOT","PC_GDP","A","1995",-5.15913670147886,
"GBR","GGNLEND","TOT","PC_GDP","A","1996",-3.72008178426369,
"GBR","GGNLEND","TOT","PC_GDP","A","1997",-2.06125558182296,
"GBR","GGNLEND","TOT","PC_GDP","A","1998",-0.30704529569906,
"GBR","GGNLEND","TOT","PC_GDP","A","1999",0.632362332556225,
"GBR","GGNLEND","TOT","PC_GDP","A","2000",1.35596313532257,
"GBR","GGNLEND","TOT","PC_GDP","A","2001",0.234808389151202,
"GBR","GGNLEND","TOT","PC_GDP","A","2002",-1.87551939889077,
"GBR","GGNLEND","TOT","PC_GDP","A","2003",-3.11187497412808,
"GBR","GGNLEND","TOT","PC_GDP","A","2004",-3.05451630752836,
"GBR","GGNLEND","TOT","PC_GDP","A","2005",-3.12834251470527,
"GBR","GGNLEND","TOT","PC_GDP","A","2006",-2.75640690029843,
"GBR","GGNLEND","TOT","PC_GDP","A","2007",-2.6439684752132,
"GBR","GGNLEND","TOT","PC_GDP","A","2008",-5.12565919085561,
"GBR","GGNLEND","TOT","PC_GDP","A","2009",-10.0414397554299,
"GBR","GGNLEND","TOT","PC_GDP","A","2010",-9.23079126316058,
"GBR","GGNLEND","TOT","PC_GDP","A","2011",-7.47785880837833,
"GBR","GGNLEND","TOT","PC_GDP","A","2012",-8.13193361257646,
"GBR","GGNLEND","TOT","PC_GDP","A","2013",-5.50261298990752,
"GBR","GGNLEND","TOT","PC_GDP","A","2014",-5.5316455967983,
"GBR","GGNLEND","TOT","PC_GDP","A","2015",-4.5447560246942,
"GBR","GGNLEND","TOT","PC_GDP","A","2016",-3.27816747480338,
"GBR","GGNLEND","TOT","PC_GDP","A","2017",-2.42087398374966,
"GBR","GGNLEND","TOT","PC_GDP","A","2018",-2.22939482452078,
"GBR","GGNLEND","TOT","PC_GDP","A","2019",-2.32722980159952,
"GBR","GGNLEND","TOT","PC_GDP","A","2020",-12.3008618685545,
"USA","GGNLEND","TOT","PC_GDP","A","1970",-4.43330634499298,
"USA","GGNLEND","TOT","PC_GDP","A","1971",-5.27789071554277,
"USA","GGNLEND","TOT","PC_GDP","A","1972",-4.00046829436092,
"USA","GGNLEND","TOT","PC_GDP","A","1973",-2.74160993309835,
"USA","GGNLEND","TOT","PC_GDP","A","1974",-3.32815356549099,
"USA","GGNLEND","TOT","PC_GDP","A","1975",-7.26123684198032,
"USA","GGNLEND","TOT","PC_GDP","A","1976",-5.24570516255901,
"USA","GGNLEND","TOT","PC_GDP","A","1977",-3.969543083812,
"USA","GGNLEND","TOT","PC_GDP","A","1978",-3.12312260721322,
"USA","GGNLEND","TOT","PC_GDP","A","1979",-2.62148398338392,
"USA","GGNLEND","TOT","PC_GDP","A","1980",-4.04849496396432,
"USA","GGNLEND","TOT","PC_GDP","A","1981",-3.61572595556903,
"USA","GGNLEND","TOT","PC_GDP","A","1982",-6.21298054392786,
"USA","GGNLEND","TOT","PC_GDP","A","1983",-6.94370779832242,
"USA","GGNLEND","TOT","PC_GDP","A","1984",-5.83184767831885,
"USA","GGNLEND","TOT","PC_GDP","A","1985",-5.98767636349473,
"USA","GGNLEND","TOT","PC_GDP","A","1986",-6.18164170868788,
"USA","GGNLEND","TOT","PC_GDP","A","1987",-5.17381228225733,
"USA","GGNLEND","TOT","PC_GDP","A","1988",-4.5171442877773,
"USA","GGNLEND","TOT","PC_GDP","A","1989",-4.30163305315178,
"USA","GGNLEND","TOT","PC_GDP","A","1990",-5.2407916025506,
"USA","GGNLEND","TOT","PC_GDP","A","1991",-6.12652300723158,
"USA","GGNLEND","TOT","PC_GDP","A","1992",-7.1463319247639,
"USA","GGNLEND","TOT","PC_GDP","A","1993",-6.32803567046664,
"USA","GGNLEND","TOT","PC_GDP","A","1994",-4.99449091534843,
"USA","GGNLEND","TOT","PC_GDP","A","1995",-4.64307793358133,
"USA","GGNLEND","TOT","PC_GDP","A","1996",-3.49933433435045,
"USA","GGNLEND","TOT","PC_GDP","A","1997",-2.0737610217927,
"USA","GGNLEND","TOT","PC_GDP","A","1998",-0.910456097701189,
"USA","GGNLEND","TOT","PC_GDP","A","1999",-0.482233466169463,
"USA","GGNLEND","TOT","PC_GDP","A","2000",0.335522490606297,
"USA","GGNLEND","TOT","PC_GDP","A","2001",-1.847437237179,
"USA","GGNLEND","TOT","PC_GDP","A","2002",-5.29965131179148,
"USA","GGNLEND","TOT","PC_GDP","A","2003",-6.41336012510117,
"USA","GGNLEND","TOT","PC_GDP","A","2004",-5.77668574628717,
"USA","GGNLEND","TOT","PC_GDP","A","2005",-4.44860457493754,
"USA","GGNLEND","TOT","PC_GDP","A","2006",-3.33365678319234,
"USA","GGNLEND","TOT","PC_GDP","A","2007",-3.98546602305862,
"USA","GGNLEND","TOT","PC_GDP","A","2008",-7.37098379001478,
"USA","GGNLEND","TOT","PC_GDP","A","2009",-13.1263455319743,
"USA","GGNLEND","TOT","PC_GDP","A","2010",-12.4270107254164,
"USA","GGNLEND","TOT","PC_GDP","A","2011",-10.9962791896482,
"USA","GGNLEND","TOT","PC_GDP","A","2012",-9.21937756771976,
"USA","GGNLEND","TOT","PC_GDP","A","2013",-5.82257667941169,
"USA","GGNLEND","TOT","PC_GDP","A","2014",-5.19403662569468,
"USA","GGNLEND","TOT","PC_GDP","A","2015",-4.59037237075975,
"USA","GGNLEND","TOT","PC_GDP","A","2016",-5.35371546926326,
"USA","GGNLEND","TOT","PC_GDP","A","2017",-4.29426387377974,
"USA","GGNLEND","TOT","PC_GDP","A","2018",-6.22298961748287,
"USA","GGNLEND","TOT","PC_GDP","A","2019",-6.62093480468129,
"CHL","GGNLEND","TOT","PC_GDP","A","2003",-0.189104524142558,
"CHL","GGNLEND","TOT","PC_GDP","A","2004",2.76924205546272,
"CHL","GGNLEND","TOT","PC_GDP","A","2005",5.02306771065965,
"CHL","GGNLEND","TOT","PC_GDP","A","2006",7.38366980592907,
"CHL","GGNLEND","TOT","PC_GDP","A","2007",7.73915779556731,
"CHL","GGNLEND","TOT","PC_GDP","A","2008",4.66751101735819,
"CHL","GGNLEND","TOT","PC_GDP","A","2009",-4.04397595174881,
"CHL","GGNLEND","TOT","PC_GDP","A","2010",-0.169286702478715,
"CHL","GGNLEND","TOT","PC_GDP","A","2011",1.28514863105417,
"CHL","GGNLEND","TOT","PC_GDP","A","2012",0.542586918313817,
"CHL","GGNLEND","TOT","PC_GDP","A","2013",-0.534483780175692,
"CHL","GGNLEND","TOT","PC_GDP","A","2014",-1.52571929497611,
"CHL","GGNLEND","TOT","PC_GDP","A","2015",-2.05906687938438,
"CHL","GGNLEND","TOT","PC_GDP","A","2016",-2.64559660277104,
"CHL","GGNLEND","TOT","PC_GDP","A","2017",-2.89491225948631,
"CHL","GGNLEND","TOT","PC_GDP","A","2018",-1.58717435660094,
"CHL","GGNLEND","TOT","PC_GDP","A","2019",-2.84058403431141,
"CHN","GGNLEND","TOT","PC_GDP","A","1992",-0.273468311607126,
"CHN","GGNLEND","TOT","PC_GDP","A","1993",-1.16821300023547,
"CHN","GGNLEND","TOT","PC_GDP","A","1994",-3.40765294268826,
"CHN","GGNLEND","TOT","PC_GDP","A","1995",-2.96698082324882,
"CHN","GGNLEND","TOT","PC_GDP","A","1996",-2.47954711920862,
"CHN","GGNLEND","TOT","PC_GDP","A","1997",-3.09495293232139,
"CHN","GGNLEND","TOT","PC_GDP","A","1998",-4.86927507908282,
"CHN","GGNLEND","TOT","PC_GDP","A","1999",-6.18120368489164,
"CHN","GGNLEND","TOT","PC_GDP","A","2000",-7.80029974042706,
"CHN","GGNLEND","TOT","PC_GDP","A","2001",-6.81709979244672,
"CHN","GGNLEND","TOT","PC_GDP","A","2002",-4.71039972099305,
"CHN","GGNLEND","TOT","PC_GDP","A","2003",-4.06249573576283,
"CHN","GGNLEND","TOT","PC_GDP","A","2004",-0.908069391906337,
"CHN","GGNLEND","TOT","PC_GDP","A","2005",-0.474608520549715,
"CHN","GGNLEND","TOT","PC_GDP","A","2006",0.822040029438772,
"CHN","GGNLEND","TOT","PC_GDP","A","2007",2.94383918756662,
"CHN","GGNLEND","TOT","PC_GDP","A","2008",1.26549494337571,
"CHN","GGNLEND","TOT","PC_GDP","A","2009",0.135126368043861,
"CHN","GGNLEND","TOT","PC_GDP","A","2010",1.47886293119492,
"CHN","GGNLEND","TOT","PC_GDP","A","2011",1.48366313535962,
"CHN","GGNLEND","TOT","PC_GDP","A","2012",1.27097003230718,
"CHN","GGNLEND","TOT","PC_GDP","A","2013",0.758143760017485,
"CHN","GGNLEND","TOT","PC_GDP","A","2014",0.686596282477973,
"CHN","GGNLEND","TOT","PC_GDP","A","2015",-0.872315280561369,
"CHN","GGNLEND","TOT","PC_GDP","A","2016",-2.73336740688678,
"EST","GGNLEND","TOT","PC_GDP","A","1995",1.0495502834468,
"EST","GGNLEND","TOT","PC_GDP","A","1996",-0.348254534668548,
"EST","GGNLEND","TOT","PC_GDP","A","1997",2.12390958591339,
"EST","GGNLEND","TOT","PC_GDP","A","1998",-0.757889164796323,
"EST","GGNLEND","TOT","PC_GDP","A","1999",-3.29655165175347,
"EST","GGNLEND","TOT","PC_GDP","A","2000",-0.067963650450648,
"EST","GGNLEND","TOT","PC_GDP","A","2001",0.198792446012906,
"EST","GGNLEND","TOT","PC_GDP","A","2002",0.417766561703776,
"EST","GGNLEND","TOT","PC_GDP","A","2003",1.79477083571469,
"EST","GGNLEND","TOT","PC_GDP","A","2004",2.39560403590747,
"EST","GGNLEND","TOT","PC_GDP","A","2005",1.12557141052851,
"EST","GGNLEND","TOT","PC_GDP","A","2006",2.89221910982968,
"EST","GGNLEND","TOT","PC_GDP","A","2007",2.74106376775991,
"EST","GGNLEND","TOT","PC_GDP","A","2008",-2.64450308630038,
"EST","GGNLEND","TOT","PC_GDP","A","2009",-2.17846977092089,
"EST","GGNLEND","TOT","PC_GDP","A","2010",0.188386142342282,
"EST","GGNLEND","TOT","PC_GDP","A","2011",1.07551138709565,
"EST","GGNLEND","TOT","PC_GDP","A","2012",-0.28475291302784,
"EST","GGNLEND","TOT","PC_GDP","A","2013",0.179158813538673,
"EST","GGNLEND","TOT","PC_GDP","A","2014",0.703171822760364,
"EST","GGNLEND","TOT","PC_GDP","A","2015",0.142910657020919,
"EST","GGNLEND","TOT","PC_GDP","A","2016",-0.408545012579835,
"EST","GGNLEND","TOT","PC_GDP","A","2017",-0.718844047802366,
"EST","GGNLEND","TOT","PC_GDP","A","2018",-0.555178280642243,
"EST","GGNLEND","TOT","PC_GDP","A","2019",0.076478742815249,
"EST","GGNLEND","TOT","PC_GDP","A","2020",-4.9026508171746,
"ISR","GGNLEND","TOT","PC_GDP","A","1995",-9.48076869189647,
"ISR","GGNLEND","TOT","PC_GDP","A","1996",-10.6247009153506,
"ISR","GGNLEND","TOT","PC_GDP","A","1997",-9.37037837804975,
"ISR","GGNLEND","TOT","PC_GDP","A","1998",-7.26598673137533,
"ISR","GGNLEND","TOT","PC_GDP","A","1999",-3.33713514303216,
"ISR","GGNLEND","TOT","PC_GDP","A","2000",-0.919207096021961,
"ISR","GGNLEND","TOT","PC_GDP","A","2001",-3.92619883589791,
"ISR","GGNLEND","TOT","PC_GDP","A","2002",-8.19043143855433,
"ISR","GGNLEND","TOT","PC_GDP","A","2003",-4.96149765971097,
"ISR","GGNLEND","TOT","PC_GDP","A","2004",-3.49576248454853,
"ISR","GGNLEND","TOT","PC_GDP","A","2005",-2.65376792359666,
"ISR","GGNLEND","TOT","PC_GDP","A","2006",-0.919254094064164,
"ISR","GGNLEND","TOT","PC_GDP","A","2007",-0.255302601615168,
"ISR","GGNLEND","TOT","PC_GDP","A","2008",-3.35581471037968,
"ISR","GGNLEND","TOT","PC_GDP","A","2009",-6.25943410354012,
"ISR","GGNLEND","TOT","PC_GDP","A","2010",-3.44593238380755,
"ISR","GGNLEND","TOT","PC_GDP","A","2011",-2.93930535886477,
"ISR","GGNLEND","TOT","PC_GDP","A","2012",-4.36106437122856,
"ISR","GGNLEND","TOT","PC_GDP","A","2013",-4.07053364103486,
"ISR","GGNLEND","TOT","PC_GDP","A","2014",-2.35383408191841,
"ISR","GGNLEND","TOT","PC_GDP","A","2015",-1.06214557497264,
"ISR","GGNLEND","TOT","PC_GDP","A","2016",-1.43562850325853,
"ISR","GGNLEND","TOT","PC_GDP","A","2017",-1.09554960454199,
"ISR","GGNLEND","TOT","PC_GDP","A","2018",-3.56409464570517,
"ISR","GGNLEND","TOT","PC_GDP","A","2019",-3.94088539670932,
"RUS","GGNLEND","TOT","PC_GDP","A","2011",2.95333242900712,
"RUS","GGNLEND","TOT","PC_GDP","A","2012",1.75376671374955,
"RUS","GGNLEND","TOT","PC_GDP","A","2013",-0.567405880547197,
"RUS","GGNLEND","TOT","PC_GDP","A","2014",-2.24738838263604,
"RUS","GGNLEND","TOT","PC_GDP","A","2015",-1.39208756736032,
"RUS","GGNLEND","TOT","PC_GDP","A","2016",-2.4535277564284,
"RUS","GGNLEND","TOT","PC_GDP","A","2017",-0.634077373618773,
"RUS","GGNLEND","TOT","PC_GDP","A","2018",3.20487108066011,
"SVN","GGNLEND","TOT","PC_GDP","A","1995",-8.14454579410602,
"SVN","GGNLEND","TOT","PC_GDP","A","1996",-1.09324839289673,
"SVN","GGNLEND","TOT","PC_GDP","A","1997",-2.30671981748648,
"SVN","GGNLEND","TOT","PC_GDP","A","1998",-2.32592101504364,
"SVN","GGNLEND","TOT","PC_GDP","A","1999",-2.9716279506281,
"SVN","GGNLEND","TOT","PC_GDP","A","2000",-3.64491355726047,
"SVN","GGNLEND","TOT","PC_GDP","A","2001",-4.45041270552021,
"SVN","GGNLEND","TOT","PC_GDP","A","2002",-2.37436471885737,
"SVN","GGNLEND","TOT","PC_GDP","A","2003",-2.59466938251391,
"SVN","GGNLEND","TOT","PC_GDP","A","2004",-1.94098860238057,
"SVN","GGNLEND","TOT","PC_GDP","A","2005",-1.32415945072868,
"SVN","GGNLEND","TOT","PC_GDP","A","2006",-1.23096855225396,
"SVN","GGNLEND","TOT","PC_GDP","A","2007",-0.049011423061552,
"SVN","GGNLEND","TOT","PC_GDP","A","2008",-1.39377791947238,
"SVN","GGNLEND","TOT","PC_GDP","A","2009",-5.81292025751688,
"SVN","GGNLEND","TOT","PC_GDP","A","2010",-5.59967295085188,
"SVN","GGNLEND","TOT","PC_GDP","A","2011",-6.62934386278543,
"SVN","GGNLEND","TOT","PC_GDP","A","2012",-3.99470149486634,
"SVN","GGNLEND","TOT","PC_GDP","A","2013",-14.5786511789207,
"SVN","GGNLEND","TOT","PC_GDP","A","2014",-5.50718477623963,
"SVN","GGNLEND","TOT","PC_GDP","A","2015",-2.84747697751419,
"SVN","GGNLEND","TOT","PC_GDP","A","2016",-1.91911045170402,
"SVN","GGNLEND","TOT","PC_GDP","A","2017",-0.064102669847854,
"SVN","GGNLEND","TOT","PC_GDP","A","2018",0.735348737307437,
"SVN","GGNLEND","TOT","PC_GDP","A","2019",0.429012306154067,
"SVN","GGNLEND","TOT","PC_GDP","A","2020",-8.40809073138791,
"ZAF","GGNLEND","TOT","PC_GDP","A","1995",-4.70409846241155,
"ZAF","GGNLEND","TOT","PC_GDP","A","1996",-5.50006224285428,
"ZAF","GGNLEND","TOT","PC_GDP","A","1997",-6.06854904660249,
"ZAF","GGNLEND","TOT","PC_GDP","A","1998",-4.23484030890505,
"ZAF","GGNLEND","TOT","PC_GDP","A","1999",-3.02832095242545,
"ZAF","GGNLEND","TOT","PC_GDP","A","2000",-3.26294165634603,
"ZAF","GGNLEND","TOT","PC_GDP","A","2001",-2.02687201761899,
"ZAF","GGNLEND","TOT","PC_GDP","A","2002",-2.72537204306375,
"ZAF","GGNLEND","TOT","PC_GDP","A","2003",-3.63797231185594,
"ZAF","GGNLEND","TOT","PC_GDP","A","2004",-3.74090069029129,
"ZAF","GGNLEND","TOT","PC_GDP","A","2005",-2.30610997441519,
"ZAF","GGNLEND","TOT","PC_GDP","A","2006",0.147874306839187,
"ZAF","GGNLEND","TOT","PC_GDP","A","2007",0.833324642498561,
"ZAF","GGNLEND","TOT","PC_GDP","A","2008",-1.73786007379289,
"ZAF","GGNLEND","TOT","PC_GDP","A","2009",-3.85420450879439,
"ZAF","GGNLEND","TOT","PC_GDP","A","2010",-3.27877971325556,
"ZAF","GGNLEND","TOT","PC_GDP","A","2011",-2.47502372796199,
"ZAF","GGNLEND","TOT","PC_GDP","A","2012",-3.59616464424154,
"ZAF","GGNLEND","TOT","PC_GDP","A","2013",-3.5633228851816,
"ZAF","GGNLEND","TOT","PC_GDP","A","2014",-3.83672083394527,
"ZAF","GGNLEND","TOT","PC_GDP","A","2015",-3.68101587041306,
"ZAF","GGNLEND","TOT","PC_GDP","A","2016",-3.36482965981968,
"ZAF","GGNLEND","TOT","PC_GDP","A","2017",-3.80814471490105,
"ZAF","GGNLEND","TOT","PC_GDP","A","2018",-3.36368682341128,
"ZAF","GGNLEND","TOT","PC_GDP","A","2019",-4.88341139807802,
"EA","GGNLEND","TOT","PC_GDP","A","1995",-7.33201241382957,
"EA","GGNLEND","TOT","PC_GDP","A","1996",-4.36132740131842,
"EA","GGNLEND","TOT","PC_GDP","A","1997",-3.05157013078678,
"EA","GGNLEND","TOT","PC_GDP","A","1998",-2.44520748824161,
"EA","GGNLEND","TOT","PC_GDP","A","1999",-1.51325967846532,
"EA","GGNLEND","TOT","PC_GDP","A","2000",-1.26995280035812,
"EA","GGNLEND","TOT","PC_GDP","A","2001",-1.95372133940804,
"EA","GGNLEND","TOT","PC_GDP","A","2002",-2.66485468526408,
"EA","GGNLEND","TOT","PC_GDP","A","2003",-3.08785389504101,
"EA","GGNLEND","TOT","PC_GDP","A","2004",-2.862502421389,
"EA","GGNLEND","TOT","PC_GDP","A","2005",-2.59495690950197,
"EA","GGNLEND","TOT","PC_GDP","A","2006",-1.51700023734093,
"EA","GGNLEND","TOT","PC_GDP","A","2007",-0.645570458526827,
"EA","GGNLEND","TOT","PC_GDP","A","2008",-2.1633531572702,
"EA","GGNLEND","TOT","PC_GDP","A","2009",-6.23883611361869,
"EA","GGNLEND","TOT","PC_GDP","A","2010",-6.2779716290003,
"EA","GGNLEND","TOT","PC_GDP","A","2011",-4.23613653214702,
"EA","GGNLEND","TOT","PC_GDP","A","2012",-3.72053911927342,
"EA","GGNLEND","TOT","PC_GDP","A","2013",-3.02115353461251,
"EA","GGNLEND","TOT","PC_GDP","A","2014",-2.46665313942772,
"EA","GGNLEND","TOT","PC_GDP","A","2015",-1.98185871770177,
"EA","GGNLEND","TOT","PC_GDP","A","2016",-1.4749027906189,
"EA","GGNLEND","TOT","PC_GDP","A","2017",-0.926013808134088,
"EA","GGNLEND","TOT","PC_GDP","A","2018",-0.459068771917258,
"EA","GGNLEND","TOT","PC_GDP","A","2019",-0.631367945355308,
"EA","GGNLEND","TOT","PC_GDP","A","2020",-7.2416144464126,
"EU","GGNLEND","TOT","PC_GDP","A","1995",-7.17987382059111,
"EU","GGNLEND","TOT","PC_GDP","A","1996",-4.25645093358629,
"EU","GGNLEND","TOT","PC_GDP","A","1997",-2.99552357961428,
"EU","GGNLEND","TOT","PC_GDP","A","1998",-2.35353623787285,
"EU","GGNLEND","TOT","PC_GDP","A","1999",-1.44718659609685,
"EU","GGNLEND","TOT","PC_GDP","A","2000",-1.1556481755244,
"EU","GGNLEND","TOT","PC_GDP","A","2001",-1.89927408067616,
"EU","GGNLEND","TOT","PC_GDP","A","2002",-2.7019364400503,
"EU","GGNLEND","TOT","PC_GDP","A","2003",-3.0877832892633,
"EU","GGNLEND","TOT","PC_GDP","A","2004",-2.70775817336238,
"EU","GGNLEND","TOT","PC_GDP","A","2005",-2.34964514904697,
"EU","GGNLEND","TOT","PC_GDP","A","2006",-1.38340064335605,
"EU","GGNLEND","TOT","PC_GDP","A","2007",-0.494019277429031,
"EU","GGNLEND","TOT","PC_GDP","A","2008",-2.01017135059665,
"EU","GGNLEND","TOT","PC_GDP","A","2009",-6.03050818981379,
"EU","GGNLEND","TOT","PC_GDP","A","2010",-5.97314768762095,
"EU","GGNLEND","TOT","PC_GDP","A","2011",-4.07396007558229,
"EU","GGNLEND","TOT","PC_GDP","A","2012",-3.59954597852536,
"EU","GGNLEND","TOT","PC_GDP","A","2013",-2.92106244829371,
"EU","GGNLEND","TOT","PC_GDP","A","2014",-2.39445807579409,
"EU","GGNLEND","TOT","PC_GDP","A","2015",-1.88295550938936,
"EU","GGNLEND","TOT","PC_GDP","A","2016",-1.36205637565739,
"EU","GGNLEND","TOT","PC_GDP","A","2017",-0.786980621744727,
"EU","GGNLEND","TOT","PC_GDP","A","2018",-0.400421963954095,
"EU","GGNLEND","TOT","PC_GDP","A","2019",-0.537144822802649,
"EU","GGNLEND","TOT","PC_GDP","A","2020",-6.94568421967554,
"NZL","GGNLEND","TOT","PC_GDP","A","1986",-5.63401376977896,
"NZL","GGNLEND","TOT","PC_GDP","A","1987",-1.30279129007013,
"NZL","GGNLEND","TOT","PC_GDP","A","1988",-3.78500028317381,
"NZL","GGNLEND","TOT","PC_GDP","A","1989",-2.69157901788705,
"NZL","GGNLEND","TOT","PC_GDP","A","1990",-3.9516194677485,
"NZL","GGNLEND","TOT","PC_GDP","A","1991",-3.03569078514463,
"NZL","GGNLEND","TOT","PC_GDP","A","1992",-2.58242347622879,
"NZL","GGNLEND","TOT","PC_GDP","A","1993",-0.215368221643381,
"NZL","GGNLEND","TOT","PC_GDP","A","1994",2.89860190176783,
"NZL","GGNLEND","TOT","PC_GDP","A","1995",2.70050708674508,
"NZL","GGNLEND","TOT","PC_GDP","A","1996",2.77628312281778,
"NZL","GGNLEND","TOT","PC_GDP","A","1997",1.27517053856795,
"NZL","GGNLEND","TOT","PC_GDP","A","1998",0.223325782112969,
"NZL","GGNLEND","TOT","PC_GDP","A","1999",0.031546688569183,
"NZL","GGNLEND","TOT","PC_GDP","A","2000",1.93597242967648,
"NZL","GGNLEND","TOT","PC_GDP","A","2001",1.66829821617254,
"NZL","GGNLEND","TOT","PC_GDP","A","2002",3.62425932638463,
"NZL","GGNLEND","TOT","PC_GDP","A","2003",3.69302154987474,
"NZL","GGNLEND","TOT","PC_GDP","A","2004",4.10763527196734,
"NZL","GGNLEND","TOT","PC_GDP","A","2005",4.7639394367148,
"NZL","GGNLEND","TOT","PC_GDP","A","2006",5.29779540010697,
"NZL","GGNLEND","TOT","PC_GDP","A","2007",4.39501695478189,
"NZL","GGNLEND","TOT","PC_GDP","A","2008",0.589495580921407,
"NZL","GGNLEND","TOT","PC_GDP","A","2009",-2.67338630819429,
"NZL","GGNLEND","TOT","PC_GDP","A","2010",-6.76350188352628,
"NZL","GGNLEND","TOT","PC_GDP","A","2011",-3.99543246097876,
"NZL","GGNLEND","TOT","PC_GDP","A","2012",-2.0829283320076,
"NZL","GGNLEND","TOT","PC_GDP","A","2013",-0.418132925530087,
"NZL","GGNLEND","TOT","PC_GDP","A","2014",0.26220381588165,
"NZL","GGNLEND","TOT","PC_GDP","A","2015",0.39548836844991,
"NZL","GGNLEND","TOT","PC_GDP","A","2016",1.253391397897,
"NZL","GGNLEND","TOT","PC_GDP","A","2017",1.6231391452428,
"NZL","GGNLEND","TOT","PC_GDP","A","2018",0.717300087049794,
"NZL","GGNLEND","TOT","PC_GDP","A","2019",-0.255062652360915,
"BRA","GGNLEND","TOT","PC_GDP","A","2000",-4.85425593797439,
"BRA","GGNLEND","TOT","PC_GDP","A","2001",-6.5223365108252,
"BRA","GGNLEND","TOT","PC_GDP","A","2002",-6.14244913982525,
"BRA","GGNLEND","TOT","PC_GDP","A","2003",-4.75106845764603,
"BRA","GGNLEND","TOT","PC_GDP","A","2004",-2.96232736296647,
"BRA","GGNLEND","TOT","PC_GDP","A","2005",-2.78169311458485,
"BRA","GGNLEND","TOT","PC_GDP","A","2006",-4.50231402468229,
"BRA","GGNLEND","TOT","PC_GDP","A","2007",-4.66609300595095,
"BRA","GGNLEND","TOT","PC_GDP","A","2008",-2.74030211725691,
"BRA","GGNLEND","TOT","PC_GDP","A","2009",-4.47642485066388,
"BRA","GGNLEND","TOT","PC_GDP","A","2010",-2.95999816770964,
"BRA","GGNLEND","TOT","PC_GDP","A","2011",-2.53894655448268,
"BRA","GGNLEND","TOT","PC_GDP","A","2012",-2.317914080868,
"BRA","GGNLEND","TOT","PC_GDP","A","2013",-3.30893861695669,
"BRA","GGNLEND","TOT","PC_GDP","A","2014",-5.87713725998464,
"BRA","GGNLEND","TOT","PC_GDP","A","2015",-7.75095913180372,
"BRA","GGNLEND","TOT","PC_GDP","A","2016",-7.15204245175878,
"BRA","GGNLEND","TOT","PC_GDP","A","2017",-7.06355604505003,
"BRA","GGNLEND","TOT","PC_GDP","A","2018",-6.12840318320262,
"LVA","GGNLEND","TOT","PC_GDP","A","1995",-1.42864678359748,
"LVA","GGNLEND","TOT","PC_GDP","A","1996",-0.42096054259227,
"LVA","GGNLEND","TOT","PC_GDP","A","1997",1.41445680592094,
"LVA","GGNLEND","TOT","PC_GDP","A","1998",0.02879162865922,
"LVA","GGNLEND","TOT","PC_GDP","A","1999",-3.73640106261835,
"LVA","GGNLEND","TOT","PC_GDP","A","2000",-2.72674027572933,
"LVA","GGNLEND","TOT","PC_GDP","A","2001",-1.94795577896452,
"LVA","GGNLEND","TOT","PC_GDP","A","2002",-2.32255279758035,
"LVA","GGNLEND","TOT","PC_GDP","A","2003",-1.56790983979351,
"LVA","GGNLEND","TOT","PC_GDP","A","2004",-1.18817851799615,
"LVA","GGNLEND","TOT","PC_GDP","A","2005",-0.480743510824875,
"LVA","GGNLEND","TOT","PC_GDP","A","2006",-0.530830727942142,
"LVA","GGNLEND","TOT","PC_GDP","A","2007",-0.560445780267668,
"LVA","GGNLEND","TOT","PC_GDP","A","2008",-4.26428632809495,
"LVA","GGNLEND","TOT","PC_GDP","A","2009",-9.57879338218578,
"LVA","GGNLEND","TOT","PC_GDP","A","2010",-8.64641147457237,
"LVA","GGNLEND","TOT","PC_GDP","A","2011",-4.1486868272763,
"LVA","GGNLEND","TOT","PC_GDP","A","2012",-1.40290315264232,
"LVA","GGNLEND","TOT","PC_GDP","A","2013",-1.21136629677004,
"LVA","GGNLEND","TOT","PC_GDP","A","2014",-1.58419338432305,
"LVA","GGNLEND","TOT","PC_GDP","A","2015",-1.42576330431822,
"LVA","GGNLEND","TOT","PC_GDP","A","2016",0.153626015603608,
"LVA","GGNLEND","TOT","PC_GDP","A","2017",-0.781796394464367,
"LVA","GGNLEND","TOT","PC_GDP","A","2018",-0.802915627907369,
"LVA","GGNLEND","TOT","PC_GDP","A","2019",-0.564446763607355,
"LVA","GGNLEND","TOT","PC_GDP","A","2020",-4.52256705221694,
"COL","GGNLEND","TOT","PC_GDP","A","2005",-2.52013563815622,
"COL","GGNLEND","TOT","PC_GDP","A","2006",-1.55737361243593,
"COL","GGNLEND","TOT","PC_GDP","A","2007",-1.71432838746715,
"COL","GGNLEND","TOT","PC_GDP","A","2008",-0.455772063606643,
"COL","GGNLEND","TOT","PC_GDP","A","2009",-0.721329255503674,
"COL","GGNLEND","TOT","PC_GDP","A","2010",-0.80671249494541,
"COL","GGNLEND","TOT","PC_GDP","A","2011",-0.477849772948663,
"COL","GGNLEND","TOT","PC_GDP","A","2012",-0.400896014595496,
"COL","GGNLEND","TOT","PC_GDP","A","2013",-1.5271120148216,
"COL","GGNLEND","TOT","PC_GDP","A","2014",-3.11507491778116,
"COL","GGNLEND","TOT","PC_GDP","A","2015",-3.14716686632898,
"COL","GGNLEND","TOT","PC_GDP","A","2016",-4.86627412935208,
"COL","GGNLEND","TOT","PC_GDP","A","2017",-4.84143443954236,
"COL","GGNLEND","TOT","PC_GDP","A","2018",-5.14896369778627,
"COL","GGNLEND","TOT","PC_GDP","A","2019",-4.21686917301453,"E"
"CRI","GGNLEND","TOT","PC_GDP","A","2000",-0.910804621153145,
"CRI","GGNLEND","TOT","PC_GDP","A","2001",-1.43149583253309,
"CRI","GGNLEND","TOT","PC_GDP","A","2002",-2.26031812718557,
"CRI","GGNLEND","TOT","PC_GDP","A","2003",-1.16210198577503,
"CRI","GGNLEND","TOT","PC_GDP","A","2004",-1.38088340034672,
"CRI","GGNLEND","TOT","PC_GDP","A","2005",-2.43434811444975,
"CRI","GGNLEND","TOT","PC_GDP","A","2006",0.190225189846567,
"CRI","GGNLEND","TOT","PC_GDP","A","2007",1.22466420920336,
"CRI","GGNLEND","TOT","PC_GDP","A","2008",-1.57262112342862,
"CRI","GGNLEND","TOT","PC_GDP","A","2009",-2.77899741391093,
"CRI","GGNLEND","TOT","PC_GDP","A","2010",-5.93777719941723,
"CRI","GGNLEND","TOT","PC_GDP","A","2011",-4.63999329701911,
"CRI","GGNLEND","TOT","PC_GDP","A","2012",-1.73125455900367,
"CRI","GGNLEND","TOT","PC_GDP","A","2013",-2.61425101457477,
"CRI","GGNLEND","TOT","PC_GDP","A","2014",-1.41025191859584,
"CRI","GGNLEND","TOT","PC_GDP","A","2015",-2.43673640155548,
"CRI","GGNLEND","TOT","PC_GDP","A","2016",-2.30222661812302,
"CRI","GGNLEND","TOT","PC_GDP","A","2017",-2.88809608842267,
"CRI","GGNLEND","TOT","PC_GDP","A","2018",-2.96761861695575,"E"
"CRI","GGNLEND","TOT","PC_GDP","A","2019",-3.87058962864393,"E"
"LTU","GGNLEND","TOT","PC_GDP","A","1995",-1.54762292321091,
"LTU","GGNLEND","TOT","PC_GDP","A","1996",-3.25049063355724,
"LTU","GGNLEND","TOT","PC_GDP","A","1997",-11.7553225204174,
"LTU","GGNLEND","TOT","PC_GDP","A","1998",-3.03263595707099,
"LTU","GGNLEND","TOT","PC_GDP","A","1999",-2.82221576184928,
"LTU","GGNLEND","TOT","PC_GDP","A","2000",-3.18871630646658,
"LTU","GGNLEND","TOT","PC_GDP","A","2001",-3.53113844521234,
"LTU","GGNLEND","TOT","PC_GDP","A","2002",-1.85741515824169,
"LTU","GGNLEND","TOT","PC_GDP","A","2003",-1.26564592750841,
"LTU","GGNLEND","TOT","PC_GDP","A","2004",-1.39360382720128,
"LTU","GGNLEND","TOT","PC_GDP","A","2005",-0.343423572044364,
"LTU","GGNLEND","TOT","PC_GDP","A","2006",-0.272395159724947,
"LTU","GGNLEND","TOT","PC_GDP","A","2007",-0.81616701321044,
"LTU","GGNLEND","TOT","PC_GDP","A","2008",-3.08646034074654,
"LTU","GGNLEND","TOT","PC_GDP","A","2009",-9.11844695083556,
"LTU","GGNLEND","TOT","PC_GDP","A","2010",-6.90044766407554,
"LTU","GGNLEND","TOT","PC_GDP","A","2011",-8.92778672520318,
"LTU","GGNLEND","TOT","PC_GDP","A","2012",-3.14048156239698,
"LTU","GGNLEND","TOT","PC_GDP","A","2013",-2.60571338476575,
"LTU","GGNLEND","TOT","PC_GDP","A","2014",-0.618321200690673,
"LTU","GGNLEND","TOT","PC_GDP","A","2015",-0.26974994353106,
"LTU","GGNLEND","TOT","PC_GDP","A","2016",0.232271328584837,
"LTU","GGNLEND","TOT","PC_GDP","A","2017",0.481641045337329,
"LTU","GGNLEND","TOT","PC_GDP","A","2018",0.621946254537913,
"LTU","GGNLEND","TOT","PC_GDP","A","2019",0.459243214394888,
"LTU","GGNLEND","TOT","PC_GDP","A","2020",-7.35392344059049,
"IDN","GGNLEND","TOT","PC_GDP","A","2010",-0.339626135746115,
"IDN","GGNLEND","TOT","PC_GDP","A","2011",-1.03515878875231,
"IDN","GGNLEND","TOT","PC_GDP","A","2012",-1.34336536263517,
"IDN","GGNLEND","TOT","PC_GDP","A","2013",-2.07406422327615,
"IDN","GGNLEND","TOT","PC_GDP","A","2014",-1.8583922108027,
"IDN","GGNLEND","TOT","PC_GDP","A","2015",-2.55379820370968,
"IDN","GGNLEND","TOT","PC_GDP","A","2016",-2.3758397871716,
"IDN","GGNLEND","TOT","PC_GDP","A","2017",-1.9565373086426,
"IDN","GGNLEND","TOT","PC_GDP","A","2018",-1.23541461292308,
"IDN","GGNLEND","TOT","PC_GDP","A","2019",-2.12620538337783,
